,岗位,招聘关键字
0,架构师,"['以上', '架构师', '系统', '系统优化', '设计模式', '多线程', '设计', '熟悉', 'spring', '数据量', '核心', 'java', '架构', '开发', '并发', '精通', '基础', '分布式', '分布式系统', '优化', '框架', '经验', '应用', '技术', '数据库', '架构设计', '计算机相关']"
1,算法工程师,"['实现', '图像识别', '信号处理', '搜索', '推荐', '以上学历', '机器', 'python', '熟悉', '识别', '分割', '岗位职责', '数据结构', '深度', '图像', '信号', 'java', '计算机', '相关', 'matlab', '海量', '开发', '视觉', '医学', '算法', '图谱', 'c++', 'nlp', '研发', '优化', '数据', '模型', '图像处理', '模式识别', '经验', '数据挖掘', '数学', '学习', '自然语言', '医学影像']"
2,产品总监,"['体验', '需求', '用户', '行业', '产品', '迭代', '岗位职责', '分析', '竞品', '产品策划', '运营', '协调', '互联网', '产品设计', '制定', '业务', '上线', '团队', '经验', '规划']"
3,技术总监,"['行业', '职务', '以上', '产品', '系统', '管理', '标准', '审核', '设计', '回用', '设备', '处理工艺', '熟悉', '水泥', 'java', '架构', '环境工程', '污水', '开发', '项目', '互联网', '带领', '治理', '生活', '精通', '校验', '制定', '研发', '校准', '团队', '经验', '填写', '工艺', '技术', '环保', '数据库', '架构设计', '填埋场', '公司']"
4,融资总监,"['投资', '融资', '租赁', '岗位职责', '财富', '资金', '评估', '净值', '政府', '渠道', '总监', '募资', '指标', '机构', '制定', '股权', '业务', '银行', '基金', '募集']"
5,分公司总经理,"['大型', '金融机构', '开拓', '以上', '管理', '财富', '第三方', '理财', '指标', '带领', '金融', '分公司', '业务', '团队', '经验', '营销', '筹建', '三方', '具有', '当地']"
6,投资经理,"['综合体', '对拟', '行业', '投资', '职务', '以上学历', '初步', '岗位职责', '清华', '科及', '分析', '投融资', '仓内', '客户资源', '项目风险', '净值', '华南', '政策法规', '理财', '相关', '世茂', '项目', '尽职', '金融', '股权', '投后', '基金', '可行性研究', '尽调', 'pe', '投行', '科创', '估值', '具有']"
7,数据产品经理,"['无人机', '体验', '能力', '功能', '效益', '具备', '条理化', '医疗', '设计', '竞争对手', '岗位职责', '分析', '市场', '完成', '合作伙伴', '优先级', '私募', '生命周期', '改善', '巴南', '研发部', '开发进度', '带领', '功能设计', '业务', '优秀', '研发', 'prd', '经验', '数据挖掘', 'sql', '埋点', '具有', '公司', '发展', '用户', '行业', '品牌', '可视化', '保质', '根据', '数据报表', '孵化', '旅游', '定期', '教育', '导向', 'axure', '省区', '开发', '互联网', '易用性', '金融', '思维', '制定', '效果', '痛点', '团队', '工业品', '规划', '全日制', '督促', '餐补', '逻辑', '产品', '进行', '确认', '清晰明确', '业绩', '同行业', '物流', '年轻人', '竞品', '投资者', '文档', '高保真', '有效', '相关', '主要', '4a', '测绘', '产品策划', '激光雷达', '协调', '跨部门', '运营', '落地', '数据', '报告', '上线', '数据仓库', 'bi', '在线教育', '环保', '主导', '进度表', '基金', '产品开发', '改进', 'ui', '理解', '需求', '挖掘', 'tms', '以上学历', '功能分析', 'app', '农药', '数据分析', '迭代', '把握', '市场需求', '评估', '化学', '高新科技', 'uml', '详细', '原型', '有关', '市场调研', '产品设计', '调研', '开发新', '数据处理', '短期', '聚餐', '沟通']"
8,java开发工程师,"['组态', 'oracle', 'jvm', '调优', '多线程', 'tomcat', '主流', '规范', 'soa', '开发进度', '功能设计', '基础', '研发', '优化', '使用', '经验', '工程师', 'sql', 'https', 'ajax', '面向对象编程', 'jquery', 'javaweb', '性能', '系统', '脚本语言', '钻研', '开源', '熟悉', 'redis', '软件开发', '基础知识', 'springboot', '根据', '缓存', '运维', '开发人员', '至少', '年终奖', 'echarts', 'bug', 'html5', '开发', '易用性', '代码', '精通', '框架', '关系数据库', '架构设计', 'mybatis', '保证系统', '常用', '编写', '源码', '中间件', 'spark', '文档', 'gc', '确保', '交通', '知识', '原理', '分布式系统', '技能', 'vue', '以及', 'html', '技术难题', '单元测试', '说明书', '前端开发', '理解', '开发技术', '设计模式', 'mysql', 'cloud', '程序开发', '要求', 'spring', '系统核心', 'java', 'mvc', '架构', 'springmvc', 'javaee', 'j2ee', 'eclipse', '分布式', '编程技术', '技术', 'springcloud', '数据库', '自测', '计算机相关', '绩效奖金']"
9,销售总监,"['拜访', '底薪', '行业', '高薪', '经费', '高额', '法律顾问', '以上学历', '管理', '知识产权', '考虑', '洽谈', '五险', '新人奖', '20%', '销售', '租赁', '提供', '一金', '待遇', '集团', '岗位职责', '客户', '人寿', '看房', '享有', '电销', '晋升', '客户资源', '关系', '根据', '二手房', '买卖', '空缺', '行业动态', '有效', '辅导', '理财', '晋升制度', '抗压', '理财产品', '金融', '效能', '专业', 'job', '拓展', '制定', '业务', '维护', '建设', '提成', '团队', '培训', '经验', '欣欣', '目标', '20w', '语言表达', '肯吃苦', '甄选', '房源', '下属', '饭补', '链家', '聚餐', '法学专业', '免费', '上班时间', '绿色', '公司']"
10,业务经理,"['能力', '底薪', '融资', '开拓', '贷后', '岗位职责', '客户', '具体', '保险', '金融业务', '渠道', '理财', '客户服务', '业务经理', '开发', '维护', '业务', '达成', '具有', '公司']"
11,技术经理,"['质量', '大型', '功能', 'mqtt', '土地', '管理', '技术培训', 'iso17025', '岗位职责', 'debug', '分析', '检测', '第三方', '验收', '协议', '系统分析', '田间管理', '龟鳖', '监督', '公用', '会审', '调查', '积极主动', '评价', '研发', '优化', '经验', '化验', '闵行', '公司', 'perform', '系统', '水泵', '熟悉', '设备', '经历', '品控', '出差', '电气工程师', '农业', '现场', '负责管理', '资历', '开发', 'cnas', '项目', '精通', '焊工', '维护', '固废', '框架', '团队', '证件', '可行性研究', '规划', '给排水', '全日制', '架构设计', '排期', '壁挂炉', '热能', '以上', '产品', '开发计划', '采集', '热工', '全国', 'tools', 'azure', 'wifi', '相关', '产成品', '运营', 'gc', '配电柜', '建造师', '分布式系统', '技术部', '建筑', '地理信息系统', '报告', '城乡规划', '市政', '交办', '化工行业', '生产', '产品开发', '通讯', 'c#', '生产工艺', '以上学历', '设计模式', '大专', '指导书', '冷却塔', '周岁', '施工单位', '解决问题', '要求', 'spring', '组织协调', '原材料', 'java', 'products', '架构', '测风', '制冷', 'arcgis', '调研', '处理', '模型', '计量', '技术员', '技术', '中空玻璃', '数据库', '图纸']"
12,投资总监,"['资源', '投资', '行业', '以上学历', '管理', '分析', '具有', '募资', '项目', '带领', '尽职', '制定', '业务', '股权', '团队', '投后', 'pe', '投行', '基金', '公司']"
13,风控总监,"['从业', '合规', '决策', '催收', '投资', '法律法规', '征信', '提醒', '五险', '以上学历', '进行', '贷后', '风控', '清收', '审核', '业务部门', '控制', '一金', '岗位职责', '核查', '逾期', '资信', '信用卡', '分析', '记录', '风险', '评估', '还款', '根据', '具体情况', '风险管理', '信贷', '客户资料', '法务', '流程', '私募', '查看', '审批', '账户', '备案', '尽职', '金融', '电话', '无责', '股权', '参与', '基金', '司法考试', '全日制', '交办', '沟通', '公司', '贷款']"
14,前端工程师,"['gis', 'ui', '服务平台', '理解', '浏览器', '构建', '常见', '功能', 'spa', '性能', '原生', '系统', '扩展性', 'h5', '前沿技术', '抓包', '3d', '熟悉', '程序开发', '地理信息', 'pc', '可视化', '主流', '基础知识', '规范', '贺金', '前端', '航天', '选型', 'node', 'js', 'es6', 'http', '交互', '开发人员', 'css', '插件', 'angular', '兼容性问题', '编程', 'webpack', '兼容性', '工具', '组件', 'html5', 'web', '名企', 'javascript', '开发', '代码优化', '开发方式', '代码', '页面', 'css3', '精通', '使用', '优化', '框架', 'vue', '精一', 'html', '移动', '工程化', 'w3c', '技术', 'ajax', 'canvas', '全日制', '模块化', 'xml', 'react', '面向对象编程', 'jquery', '计算机相关', '尤佳', '前端开发']"
15,数据分析师,"['hive', 'scala', '挖掘', '建模', '以上学历', '进行', '离线', 'python', '熟悉', '数据分析', '岗位职责', '研究', 'hbase', '统计学', '分析', '提供数据', 'spark', 'sas', 'storm', 'java', '数据模型', '指标', '开发', '运营', '业务', '数据', 'excel', 'hadoop', '模型', '报告', '经验', '数据仓库', '平台', '数据挖掘', 'sql', 'etl', '改进']"
16,招商总监,"['整体', '商户', '以上学历', '管理', '品牌', '谈判', '市场动态', '写字楼', '租赁', '岗位职责', '商业地产', '周边', '根据', '商业', '业态', '签约', '协调', '进场', '招商', '项目前期']"
17,运维开发工程师,"['优化', '自动化', '部署', '熟悉', '维护', '经验', '平台', '工具', 'docker', '开发', '系统', '脚本语言', '监控', '计算机相关', 'linux', 'python', 'shell', '运维']"
18,嵌入式软件工程师,"['产品软件', '版本控制', '多线程', '专业本科', '设计', '自动化', '软件', '岗位职责', '联调', '实际', '协议', 'bms', '语言', 'web', '嵌入式软件', '基本素质', 'c++', '经验', '应用', '软件系统', '智能', 'sql', '电路设计', 'pcb', '电子相关', '开关', 'x86', '驱动程序', 'arm', '系统', '通信协议', 'linux', '移植', '熟悉', '嵌入式操作系统', '软件开发', '串口', '驱动', '底层', '项目组', '原理图', '本科', '嵌入式', '单片机', '测试', '深入分析', '开发', '算法', '代码', '软件设计', '精通', '维护', '编码', 'stm32', 'mcu', '框架', 'winform', '软件架构', '时序', '实现', '分析仪', '机器人', '解决', '程序', '编写', '调试', '万用表', '实时操作系统', '软件工程', 'tcp', '独立', 'arm7', 'sqlserver', '开发工具', '文档', 'c语言', '面向对象', 'visual', 'css3', 'dsp', '汽车', '电路', '编程语言', '通讯', 'c#', '二次开发', '掌握', 'udp', '充电', '以上学历', '设计模式', 'ups', 'mysql', '升级', '无线通讯', 'div', '程序开发', 'qt', '储能', '具体', 'st', '镜场', 'java', '碧桂园', '硬件', 'net', '软件测试', '编程', '编程技术', 'simulink', '技术', '稳定', '数据库', '计算机相关']"
19,产品经理,"['无人机', '体验', '能力', '功能', '效益', '具备', '条理化', '医疗', '设计', '竞争对手', '岗位职责', '分析', '市场', '完成', '合作伙伴', '优先级', '私募', '生命周期', '改善', '巴南', '研发部', '开发进度', '带领', '功能设计', '业务', '优秀', '研发', 'prd', '经验', '具有', '公司', '发展', '用户', '行业', '品牌', '保质', '根据', '数据报表', '孵化', '旅游', '定期', '教育', '导向', 'axure', '省区', '开发', '互联网', '易用性', '金融', '思维', '制定', '效果', '痛点', '团队', '工业品', '规划', '全日制', '督促', '餐补', '逻辑', '产品', '进行', '确认', '清晰明确', '业绩', '同行业', '物流', '年轻人', '竞品', '投资者', '文档', '高保真', '有效', '相关', '主要', '4a', '测绘', '产品策划', '激光雷达', '协调', '跨部门', '运营', '数据', '报告', '上线', '在线教育', '环保', '主导', '进度表', '基金', '产品开发', '改进', 'ui', '理解', '需求', '挖掘', 'tms', '以上学历', '功能分析', 'app', '农药', '数据分析', '迭代', '把握', '市场需求', '评估', '化学', '高新科技', 'uml', '详细', '原型', '有关', '市场调研', '产品设计', '调研', '开发新', '数据处理', '短期', '聚餐', '沟通']"
20,高级投资经理,"['从业', '财务', '对拟', '投资', '资格', '以上学历', '分析', '相关', '合同文本', '管理机构', '资管', '项目', '尽职', '判断能力', '投后', '金融工具', '尽调', '职业道德', '投行', '全日制']"
21,运营总监,"['发展', '连锁', '说明会', '策划', '经营', '推广', '营销策划', '适应力', '管理', '实施', '品牌', '考核制度', '内部', '销售', '岗位职责', '加盟', '计划', '各店', '提高', '市场', '关系', '运营部', '策略', '有效', '组织', 'ota', '范围', '指标', '运营', '协调', '绕道', '制定', '团队', '督导', '酒店', '甄选', '战略', '公司', '零售']"
22,营业部经理,"['销售策略', '管理', '考核', '销售', '清晰', '计划', '勤奋努力', '完成', '人际交往', '年度', '辅导', '带领', '金融', '营业部', '制定', '团队', '甄选', '管理制度', '高度', '人员']"
23,销售经理,"['能力', '一手', '养老', '区域', '开拓', '课程', '具备', '区域经理', '管理', '医疗', '岗位职责', '分析', '会员卡', '一职', '室内环境', '市场', '完成', '信息', '好客', '政府部门', '农产品', '房产', '事业心', '带领', '拓展', '业务', '产品销售', '目标', '经验', '经纪人', '酒店', '肉类', '客户关系', '交际', '冠军', '公司', '供货', '资源', '复盘', '行业', '环境', '组建', '满意度', '施展', '80%', '广告行业', '客户', '看房', '电销', '提高', '人际沟通', '四有', '根据', '合同', '医院', '渠道', '旅游', '套票', '教育', '媒体', '抗压', '年休假', '导向', '开展', '市场营销', '享受', '开发', '金融', '适应', '背景', '维护', '制定', '提成', '团队', '项目前期', '企业', '销售者', '下属', '亲子活动', '户外广告', '咨询', '酒店客房', '投标', '底薪', '广告', '产品', '考虑', '储值卡', '谈判', '市场动态', '商圈', '提供', '物流', '一金', '业绩', '津贴', '合作', '销售', '按计划', '计划', '独立', '晋升', '客户资源', '体检', '专做', '暖通', '商务谈判', 'k12', '能源管理', '旅行社', '协调', '氛围', '良好', '落地', '判断能力', '房地产', '培训', '语言表达', '销售主管', '房源', '交办', '消品', '款及', '较强', 'www', '任职', '拜访', '户外媒体', '收入', '书籍', '实体店', '以上学历', '大专', '居上', '租赁', '条理性', '上级领导', '回款', '化学', '统招', 'http', '总结报告', '政策', '医疗器械', '经理', '科技', '高低压', '电话', '艰苦奋斗', '市场调研', '能者', '营销', '描述', '链家', '沟通']"
24,fpga工程师,"['编写', '调试', '设计', '熟悉', '以太网', 'rtl', '硬件', '相关', 'fpga', '测试', '开发', '算法', '代码', 'verilog', 'vhdl', '经验', '仿真', 'xilinx', '时序']"
25,c++开发工程师,"['组态', '编译器', 'mfc', '系统', '图形', '以上学历', '多线程', '前沿技术', '设计模式', '通信协议', '文本', '离线', 'linux', 'tcp', '熟悉', '岗位职责', 'qt', 'windows', '软件开发', 'socket', '数据结构', 'unix', 'ip', '文档', '集成', '软件技术', '国内外', '编程', '语言', '开展', '开发', '算法', 'c++', '精通', '电力系统', '经验', '数据库', '计算机相关', 'shell']"
26,设计总监,"['设计部', '创意设计', '能力', '方案设计', '大型', '服装设计', '设计方案', '以上', '创意', '产品', '管理', '品牌', '设计', '把握', '地向', '家装', '岗位职责', '美术', '流行', '具有', '独立', '方案', '装饰', '施工图', '指导', '完成', '放飞', '项目', '视觉', '带领', '协调', '吊牌', '开发', 'photoshop', '施工工艺', '成员', '品牌设计', '优秀', '海报', '研发', 'rhino', '提案', '团队', '经验', '平面设计', '工作效率', '色彩', '工艺', '设计师', '室内设计', '沟通', '空间设计', '公司']"
27,测试工程师,"['产品软件', '编写', '性能', '操作手册', '验证', '以上学历', '周末', 'app', '缺陷', '进行', 'linux', '脚本语言', 'python', '产品', '问题', '熟悉', '实验室', '自动化', '岗位职责', 'cloud', '攻击', '分析', '检测', '集中器', '理工科', '根据', '完成', '开发工具', '黑盒', 'java', '测试数据', '定位问题', '相关', '测试', '软件测试', '流程', 'bug', '心理素质', '工具', '开发', '测试环境', '接口', '可靠性', 'c++', '从事', 'jmeter', '用例', '测试计划', '保养', '框架', '电力系统', '经验', '功能测试', '领域', '测试项目', '测试工具', '测试报告', '测试用例', '脚本', '类产品', '计算机相关', '编程语言', '改进', '实缴']"
28,大数据方向软件研发,"['组态', 'oracle', '产品软件', 'flink', '多线程', '专业本科', '设计', '自动化', '软件', '岗位职责', 'bms', '语言', 'web', '功能设计', '基本素质', 'c++', 'hadoop', '经验', '软件系统', 'sql', '具有', 'pcb', 'scala', '电子相关', 'hive', '规约', 'x86', '脚本语言', 'linux', '离线', '熟悉', '嵌入式操作系统', '软件开发', '串口', '项目组', '原理图', '本科', '单片机', '软件技术', '测试', '深入分析', '开发', '代码', '生态圈', '软件设计', '精通', '维护', '框架', 'winform', 'ceph', '软件架构', '时序', '流式', '解决', '程序', '常见', '编写', '调试', '软件工程', 'tcp', '以太网', 'spark', '独立', 'sqlserver', '开发工具', '文档', 'c语言', '面向对象', 'visual', 'css3', '编程语言', 'hbase', '通讯', '电力', 'c#', '二次开发', 'udp', '以上学历', '设计模式', 'mysql', '升级', 'div', '程序开发', 'qt', 'windows', 'st', '理论知识', 'java', 'net', '软件测试', '编程', '配网', '电力系统', '编程技术', 'simulink', '技术', '数据库', '计算机相关']"
29,软件开发工程师,"['主动', '节能', '产品软件', '过程', '多线程', '专业本科', '设计', '自动化', '软件', '岗位职责', '计算机相关', '度高', '规范', '比如', 'bms', '计算机', '语言', 'web', '单独', '基本素质', '电子', 'c++', '参与', '经验', '软件系统', 'sql', '逆变器', 'pcb', '电子相关', 'x86', '系统', 'linux', '分配', 'python', '熟悉', '嵌入式操作系统', '软件开发', '串口', '保质', '根据', '项目组', '原理图', '本科', '单片机', '测试', '深入分析', 'bug', '开发', '电控', '代码', '后台', '软件设计', '精通', '维护', '框架', 'winform', '关系数据库', '预研', '软件架构', '控制', '时序', '解决', '程序', '编写', '调试', '软件工程', 'tcp', '源码', 'socket', '中间件', '独立', '可以', 'sqlserver', '承担', '文档', '电联', 'c语言', 'server', '面向对象', 'visual', '控制软件', 'css3', 'vue', '单元测试', '编程语言', '通讯', 'c#', '二次开发', 'udp', 'asp', '以上学历', '设计模式', 'ups', 'mysql', '升级', 'div', '程序开发', 'qt', 'windows', '保量', 'st', '数据结构', '配置管理', 'js', 'java', 'mvc', 'net', '软件测试', '编程', '编程技术', 'simulink', '技术', '数据库', '变频器', '企业应用', '资质']"
30,ios开发工程师,"['ui', '设计模式', 'app', '多线程', 'xcode', '控件', '熟悉', 'sdk', 'objective', '客户端', '编程', '开发', '代码', 'c++', 'ios', '经验', 'swift', '应用', 'iphone', '架构设计', '计算机相关']"
31,工程部经理,"['分包', '协作关系', '质量', '单位', '管理', '开发计划', '工程部', '岗位职责', '施工单位', '项目经理', '部门', '验收', '施工图', '合同', '组织', '监督', '项目', '协调', '工民建', '进度', '监理', '施工工艺', '建造师', '工程', '施工', '技能', '参与', '工程质量', '项目管理', '图纸']"
32,android开发工程师,"['ui', '自定义', '设计模式', 'app', '多线程', '控件', 'tcp', 'sdk', '熟悉', '客户端', 'java', 'android', 'http', '编程', '安卓', '开发', '代码', '适配', '优化', '经验', '应用', '平台', 'framework', '计算机相关']"
33,贷款客户经理,"['提供', '一金', '岗位职责', '婚假', '待遇', '合作', '客户', '生日会', '电销', '优秀员工', '福利待遇', '岗前', '经理', '无责', '带薪', '入职', '聚餐', '公司', '贷款']"
34,融资顾问,"['个人', '底薪', '融资', '贷后', '销售', '提供', '抵押', '岗位职责', '待遇', '合作', '客户', '双休', '贷前', '渠道', '主要', '薪资', '电话', '带薪', '贷款']"
35,电子工程师,"['业务水平', '配电箱', '规格书', '设计', '岗位职责', '产品质量', '开关电源', '规范', '电子电路', '环境治理', '试产', '转化', '电子设计', '事故', '电子', '蓝牙', '研发', '理科', '经验', 'bom', '电路设计', '电烙铁', '数字电路', 'pcb', '电子相关', '称重', '控制器', '熟悉', '筹备', '原理图', '单片机', '强电', '测试', '电路板', '开发', 'led', '实现', '工科', '编写', '调试', '系统软件', '产品', '同岗', '万用表', '独立', '生产线', '选型', '开发工具', '视频产品', '仪器仪表', '临时性', 'c语言', '原理', '电源', '有志于', '工作餐', '电气', '电路', '安规', '电子产品', '转产', '改进', '西青区', '电力', '生产工艺', '以上学历', 'ups', '硬件', '样机', 'igbt', '整改', '合格率', '成套', '学习业务', '技术', '8.30', 'emc']"
36,运维工程师,"['部署', '调优', '管理', '自动化', '岗位职责', '计算机相关', '这块', '度高', '做国网', '整理', '应届', '技术人员', '计算机', '电等', '软硬件', '工具', '接口', '优化', '故障', '经验', '巡检', '平台', '男性', '蓄电池', '领域', '记录表', '安装', '自动检测', 'shell', '继电保护', '数据中心', '环境', '系统', '脚本语言', '维修', 'linux', 'python', '打印机', 'cd', '设备', '熟悉', '分布式应用', 'redis', '供应链', '驾照', '网络', '日常', '农业', '运维', '现场', '异常', 'cems', '网络设备', '维护', '信息安全', '承受', '通信', '调试', '以上', '监控', '技术支持', '进行', 'tcp', '信息工程', '服务器', '文档', '相关', '主要', '工程', '数据备份', '搭建', '有志于', '环保', '脚本', '华为', '电力', '整体', 'zabbix', 'ci', '充电', '以上学历', 'mysql', 'windows', '重庆', '配置管理', '监测', '配置', '范围', '环境工程', '电力系统', '处理', '技术', '数据库', '数据安全', '仪器设备']"
37,营销总监,"['从业', '管理', '培养', '岗位职责', '客户资源', '渠道', '业务培训', '理财', '监督', '指标', '证券', '资格考试', '市场营销', '信托', '营业部', '制定', '团队', '营销', '规章制度']"
38,理财经理/团队经理,"['从业', '资源', '行业', '组建', '优秀人才', '以上学历', '提供', '一金', '财富', '保险', '客户资源', '净值', '资格证', '理财', '开发', '金融', '职级', '团队', '人脉关系', '服务']"
39,硬件工程师,"['通讯', '定位', '电子相关', 'pcb', '元器件', '电力', 'eda', '了解', '电路设计', 'arm', '器件', '以上', '过程', '调试', '编写', '产品', '控制器', '万用表', '专业本科', '板卡', 'emc', '模拟', 'ups', '设计', '熟悉', '专业对口', 'layout', '岗位职责', '动手', '串口', '信号', '根据', '选型', '开发工具', '电磁兼容', '文档', '层板', '产线', '硬件', '原理图', '强电', '嵌入式', '相关', 'fpga', '测试', '单片机', '电力行业', '开发', '电子', '完整性', '电子行业', 'dsp', '精通', 'stm32', '研发', 'mcu', '电表', '使用', '电厂', '经验', '功能测试', '智能', '技术', 'bom', '电路', '测试报告', 'cpu', '逆变器', '具有', '单元测试', '调测', '数字电路']"
40,基金经理,"['从业', '行业', '投资', '以上', '公募', '实盘', '岗位职责', '分析', '净值', '理财', '相关', '交易', '私募', '资管', '备案', '金融', '经理', '证明', 'cpa', '基金']"
41,项目经理,"['劳动纪律', '质量', '能力', '策划', '投资', '过程', '具备', '管理', '专业本科', '医疗', '管理工作', '竣工', '岗位职责', '分析', '工期', '成本', '验收', '项目风险', '收集', '完成', '年度', '细腻', '监督', '尽职', '交付', '进度', '业务', '施工', '研发', '施工进度', '经验', '全面', '具有', '工程造价', '资源', '分包', '施工现场', '执行', '以上者', '融资', '电力工程', '实施', '二建', '熟悉', '客户', '项目经理', '方案', '项目组', '本科', '现场', '组织', '渠道', '旅游', '二级', '开发', '项目', '甲方', '金融', '弱电', '制定', '团队', '职责', '项目前期', '企业', '规划', '给排水', '投行', '督促', '工程质量', '控制', '各项', '热忱', '咨询', '代建', '施工人员', '会计师', '以上', '机制', '温江区', '进行', '物流', '设计变更', '计划', '独立', '高科技', '案场', '文档', '有效', '相关', '商务谈判', '协调', '运营', '确保', '活动', '工程施工', '建造师', '房地产', '工程', '语言表达', '意识', '工作', '环保', '项目管理', '一级', '会展', '物业管理', '电力', '较强', '交底', '整体', '需求', '应急', 'cad', 'pmp', '10kv', '以上学历', '大专', '工程验收', '可行性', '高压', '质量保证', '物业', '关系', 'ppt', '流程', '环境工程', '信息化', '残疾人', '严格', '工程项目', '机电', '精神', '技术', '沟通']"
42,安全评价师,"['安全', '应急', '法律法规', '考虑', '危化', '现场', '相关', '安全检查', '法规', '职称者', '整改', '标准化', '评价', '工贸', '报告', '企业', '师证', '证书', '编制', '生产']"
43,信贷经理,"['提供', '一金', '岗位职责', '主要', '银行', '入职', '客户', '融资', '晋升', '五险', '介绍', '贷前', '贷后', '拓展', '维护', '公司', '销售', '贷款']"
44,融资经理,"['从业', '任职', '行业', '金融机构', '融资', '进行', '提供', '岗位职责', '具有', '投融资', '渠道', '定期', '机构', '信托', '金融', '电话', '股权', '人脉关系', '沟通', '公司']"
45,电气工程师,"['电力', '组态', '交底', '质量', 'cad', '欧姆龙', '设计院', '运用', '调试', '配电箱', '配电', '以上学历', '大专', '技术支持', '绘制', '控制系统', '自动化', '软件', '三菱', '设备', '岗位职责', '触摸屏', '电气系统', '设计', '设计变更', '文件', '控制', '光伏', '要求', '验收', '电气工程师', '施工图', '布线', 'autocad', '选型', '原理图', '电气专业', '现场', '西门子', '相关', '测试', 'plc', '熟悉', '编程', '检查', '电气工程', '电控', '人机界面', '高低压', '配电柜', '强弱电', '专业', '工程', '电气设计', '成套', '施工', '建筑', '配网', '电气设备', '电气控制', '技术', '电气', '电路', '工程质量', '安装', '图纸', '变频器', '生产', '非标']"
46,嵌入式开发工程师,"['pcb', '编写', 'arm', '调试', '万用表', 'linux', '通信协议', '设计', '熟悉', '嵌入式操作系统', '驱动', '原理图', '嵌入式', '单片机', '文档', '硬件', '编程', 'c语言', '开发', '嵌入式软件', 'c++', 'stm32', 'mcu', '经验', '电路', '电路设计']"
47,web前端开发工程师,"['ui', '浏览器', '需要', 'h5', '管理系统', '熟悉', 'div', '程序开发', 'agv', 'pc', 'nodejs', 'angularjs', '主流', '独立', '规范', 'bootstrap', '前端', '交互', 'js', '缓存', 'http', 'css', '兼容性问题', '类库', 'webpack', '兼容性', '组件', 'html5', 'web', 'javascript', '开发', '代码', '页面', 'css3', '布局', '优化', '框架', '使用', 'vue', 'html', '移动', '巡检', 'w3c', '技术', 'ajax', 'react', 'jquery', '特性', '计算机相关', '前端开发']"
48,理财经理/高级理财经理,"['行业', '开拓', '以上学历', '突出者', '提供', '客户', '财富', '净值', '保质', '理财', '理财产品', '金融', '经理', '专业', '维护', '目标', '达成', '规划', '全日制', '服务']"
49,总经理助理,"['诚实可靠', '开车', '播音', '管理', '4.5', '归档', '管理工作', '岗位职责', '情况', '专车', '本科生', '政府部门', '高铁', '不限', '监督', '洞察力', '商务活动', '口语', '外联', '外部', '状况', '战略规划', '商务礼仪', '公司', '会议', '决策', '办公', '总经理', '集团公司', '良好形象', '行政', '文件', '文秘', 'word', '驾照', '日常', '逻辑思维', '内外', '本科', '电气专业', '组织', '事务', '总裁', '各类', 'pdf', '领导', '之间', '文宣', '商务', '工作进度', '企业', '协助', '合理安排', '做好', '战略', '督促', '各项', '经营', '衣物', '对接', '日常事务', '新闻稿', '谈吐', '以上', '立卷', '气质佳', '发布', '总经办', '形象', '清晰', '会议纪要', '计划', '部门', '承担', '人际交往', '总助', '会议记录', '检查', '协调', '汇报', '年龄', '起草', '落实', '工作', '流畅', '交办', '品行端正', '日程安排', '好本', '笔译', '写作能力', '销售策略', '较强', '催办', '助理', '以上学历', '应变能力', '把握', '偶尔', '留学', '组织协调', '欧美', '功底', '报社', '作好', '起草文件', '公共关系', '处理', 'office', '安排', '沟通']"
50,市场总监,"['资源', '市场部', '策划', '执行', '开拓', '推广', '以上学历', '管理', '情报分析', '进行', '业绩', '岗位职责', '合作', '市场', '业务知识', '渠道', '教育', '证券', '市场营销', '带领', '金融', '活动', '营业部', '拓展', '制定', '团队', '营销', '督导', '市场推广', '基金', '招生', '公司']"
51,信贷客户经理,"['个人', '机制', '贷后', '中小', '客户', '晋升', '客户经理', '转贷', '贷前', '渠道', '信贷', '维护', '企业主', '过桥', 'office', '企业', '职业', '专业课程', '贷款']"
52,售前工程师,"['gis', '标书', '节能', '需求', '用户', '投标', '交流', '行业', '编写', '水利', '产品', '以上学历', '技术支持', '进行', '技术培训', '岗位职责', '客户', '上级领导', '售前', '应标', '方案', 'ppt', '电力行业', '解决方案', '信息化', '项目', '配合', '招投标', '演示', '汇报', '讲解', '高效', '经验', '职责', '应用', '技术', '规划', '市场推广', '交办', '沟通']"
53,嵌入式硬件工程师,"['过程', '专业本科', '板卡', '设计', '专业对口', 'layout', '岗位职责', '验收', '规范', '信号', 'fpga', '电子设计', '嵌入式软件', '电子', 'c++', '完整性', '使用', '研发', '经验', '智能', 'bom', 'cpu', '逆变器', '电路设计', '具有', '调测', '数字电路', 'pcb', '电子相关', 'eda', 'arm', '控制器', '通信协议', 'linux', '模拟', '熟悉', '动手', '串口', '驱动', '根据', '原理图', '嵌入式', '单片机', '强电', '测试', '电力行业', '开发', '精通', '电子行业', 'stm32', 'mcu', '电厂', '功能测试', 'ad', '常用', '移动机器人', '编写', '器件', '调试', '以上', '产品', '万用表', '选型', '开发工具', '文档', '层板', '相关', 'c语言', '芯片', 'dsp', '电表', '电路', '单元测试', '通讯', '定位', '元器件', '电力', '了解', '高质量', 'ups', '任务书', '电磁兼容', '产线', '硬件', '编程', '技术', '测试报告', 'emc']"
54,大客户经理,"['拜访', '开拓', '管理', '销售', '提供', '岗位职责', '客户', '计划', '保险', '客户资源', '理财', '转化率', '金融', '维护', '银行', '团队', '营销', '具有', '公司']"
55,融资,"['从业', '能力', '融资', '销售', '提供', '客户', '晋升', '渠道', '私募', '晋升制度', '良好', '金融', '维护', '团队', '培训', '基金', '沟通', '技巧', '公司', '贷款']"
56,软件研发工程师,"['组态', 'oracle', '产品软件', '多线程', '专业本科', '设计', '自动化', '软件', '岗位职责', 'bms', '语言', 'web', '功能设计', '基本素质', 'c++', '经验', '软件系统', 'sql', '具有', 'pcb', '电子相关', '规约', 'x86', '脚本语言', 'linux', '熟悉', '嵌入式操作系统', '软件开发', '串口', '项目组', '原理图', '本科', '单片机', '测试', '深入分析', '开发', '代码', '软件设计', '精通', '维护', '框架', 'winform', '软件架构', '时序', '解决', '程序', '编写', '调试', '软件工程', 'tcp', '以太网', '独立', 'sqlserver', '开发工具', '文档', 'c语言', '面向对象', 'visual', 'css3', '编程语言', '通讯', '电力', 'c#', '二次开发', 'udp', '以上学历', '设计模式', 'mysql', '升级', 'div', '程序开发', 'qt', 'windows', 'st', '理论知识', 'java', 'net', '软件测试', '编程', '配网', '电力系统', '编程技术', 'simulink', '技术', '数据库', '计算机相关']"
57,监理经理,"['完整', '助理', '岗位', '软件', '竣工', '验收', '实测', '检查', '项目', '建设项目', '总裁', '确保', '进度', '真实', '熟练', '参与', '落实', '工作', '片区', '协助']"
58,策划总监,"['策划', '广告', '执行', '创意', '营销策划', '撰写', '品牌', '传播', '策划案', '文案', '方案', '策略', '项目', '带领', '活动', '公关活动', '团队', '提案', '营销', '沟通']"
59,咨询经理,"['咨询', '管理', '提供', '研究', '客户', '顾问', '分析', 'word', 'ppt', '调查', '开展', '项目', '论证', '调研', 'excel', '报告', '经验', '企业', '沟通', '公司']"
60,hrbp,"['发展', '推动', '人力', '以上学历', '管理', '业务部门', '人力资源', '岗位职责', '招聘', '部门', '人际沟通', '有效', '组织', '人才', '员工', 'hrbp', 'hr', '落地', '业务', '建设', '经验', '资源管理', '搭建', '模块', '沟通', '人员']"
61,硬件开发工程师,"['通讯', '定位', '电子相关', 'pcb', '元器件', '电力', 'eda', '了解', '电路设计', 'arm', '器件', '以上', '过程', '调试', '编写', '产品', '控制器', '万用表', '专业本科', '板卡', 'emc', '模拟', 'ups', '设计', '熟悉', '专业对口', 'layout', '岗位职责', '动手', '串口', '信号', '根据', '选型', '开发工具', '电磁兼容', '文档', '层板', '产线', '硬件', '原理图', '强电', '嵌入式', '相关', 'fpga', '测试', '单片机', '电力行业', '开发', '电子', '完整性', '电子行业', 'dsp', '精通', 'stm32', '研发', 'mcu', '电表', '使用', '电厂', '经验', '功能测试', '智能', '技术', 'bom', '电路', '测试报告', 'cpu', '逆变器', '具有', '单元测试', '调测', '数字电路']"
62,技术服务经理,"['跟踪服务', '差旅费', '大型', '五险', '以上学历', '技术培训', '一金', '实报实销', '就近', '两年', '营养', '养殖场', '外企', '详细', '猪场', '畜牧', '调研', '写出', '研究生', '配方']"
63,销售顾问,"['早九晚', '客户档案', '休息', '进店', '课程', '家长', '团建', '岗位职责', '刚需', '保险', '二手房', '完成', '高端', '陵园', '薪资', '顾客', '50%', '房产', '空杯', '工商', '古镇', 'job', '拓展', '无责', '业务', '挣钱', '经纪人', '学习', '客户关系', '公司', '自己', '孩子', '行业', '五险', '口齿清晰', '贷后', '待遇', '集团', '顾问', '客户', '看房', '家居', '售前', '双休', '电销', '建材', '职位', '买卖', '渠道', '定期', '教育', '邀约', '抗压', '享受', '金融', '效能', '网销', '孝心', '置业', '维护', '提成', '团队', '欣欣', '企业', '达成', '服务', '表达能力', '法学专业', '免费', '咨询', '1.18', '任务', '底薪', '以上', '高薪', '经费', '高额', '气质佳', '进行', '洽谈', '新人奖', '销售', '商圈', '提供', '一金', '合作', '沟通了解', '享有', '晋升', '客户资源', '有效', '岗前', '签单', '良好', '专业', '年龄', '房地产', '培训', '语言表达', '意识', '20w', '汽车', '房源', '学员', '上班时间', '绿色', '协作关系', '拜访', '15%', '法律顾问', '法定', '以上学历', '应变能力', '知识产权', '大专', '家政', '20%', '商务洽谈', '租赁', '咨询服务', '亲和力', '关系', '回款', '贷前', '统招', '空缺', '行业动态', '客户资料', '晋升制度', '封顶', '电话', '外向', '带薪', '6k', '肯吃苦', '饭补', '30%', '聚餐', '链家', '描述', '沟通', '房屋']"
64,财务经理,"['财务', '财务主管', '经营', '会计师', '决策', '以上', '管理程序', '财务计划', '以上学历', '管理', '会计职称', '进行', '事项', '财会', '审核', '财务部', '管理工作', '岗位职责', '分析', '资金', '成本', '会计凭证', '报表', '成本费用', '统招', '年度', '有效', '组织', '会计', '财务预算', '流程', '相关', '审计', '财务制度', '本科学历', '监督', '审计工作', '预算', '财务管理', '财务软件', '体系', '会计核算', '总账', '费用', '统筹', '制定', '税务', '决算', '成本核算', '经验', '核算', '落实', '公司财务', '决策依据', '账务', '全面', '财务报表', '编制', '控制', '财务部门', '公司', '各项']"
65,销售专员,"['节日', '个人', '客户档案', '区域', '开拓', '课程', '家长', '每单', '技术培训', '医疗', '团建', '岗位职责', '分析', '市场', '收集', '二手房', '完成', '联系', '薪资', '50%', '房产', '提交', '老年', '古镇', 'job', '拓展', '无责', '业务', '优秀', '目标', '经验', '经纪人', '康养', '社保', '客户关系', '餐饮', '交际', '公司', '资源', '每周', '行业', '推广', '五险', '口齿清晰', '勇于', '行程', '总结', '集团', '待遇', '顾问', '潜在', '客户', '看房', '双休', '电销', '包餐', '出差', '根据', '医院', '职位', '买卖', '精准', '旅游', '定期', '假期', '指标', '接待', '邀约', '敢于', '抗压', '市场营销', '开发', '金融', '效能', '配合', '置业', '维护', '提成', '团队', '海运', '欣欣', '企业', '达成', '经纪', '网约车', '表达能力', '法学专业', '免费', '贷款', '咨询', '1.18', '任务', '广告', '报名', '底薪', '高薪', '经费', '产品', '高额', '精英', '代理', '进行', '洽谈', '新人奖', '销售', '提供', '物流', '一金', '合作', '沟通了解', '倒休', '普通话', '空运', '享有', '生育', '晋升', '客户资源', '福利待遇', '体检', '有效', '专做', '岗前', '签单', '遵纪守法', '良好', '氛围', '来访', '楼盘', '判断能力', '专业', '疫情', '语言表达', '以及', '培训', '销售主管', '落实', '欲望', '20w', '意向', '房源', '学员', '上班时间', '优先选择', '绿色', '老客户', '福利', '协作关系', '潜力', '拜访', '节假日', '法律顾问', '以上学历', '应变能力', '知识产权', '大专', '20%', '租赁', '信用卡', '要求', '当天', '关系', '回款', '左右', '统招', '空缺', '行业动态', '晋升制度', '1.2', '每月', '体系', '单率', '电话', '带薪', '开发新', '产业', '肯吃苦', '饭补', '线上', '描述', '聚餐', '链家', '沟通', '技巧']"
66,金融产品经理,"['福利', '需求', '底薪', '行业', '融资', '法定', '五险', '产品', '以上学历', '六险', '贷后', '销售', '提供', '一金', '岗位职责', '职后', '客户', '合作', '分析', '双休', '晋升', '福利待遇', '渠道', '理财', '享受', '互联网', '金融', '经理', '电话', '拓展', '维护', '业务', '提成', '团队', '培训', '经验', '沟通', '公司', '贷款']"
67,php开发工程师,"['系统', '设计模式', 'linux', 'mysql', '熟悉', 'redis', '程序开发', 'css', 'mvc', '开发', '代码', '精通', 'laravel', '优化', '框架', 'php', 'html', '经验', '技术', '数据库']"
68,销售主管,"['能力', '拉访', '管理', '计算机操作', '岗位职责', '二手房', '完成', '积极进取', '带领', 'job', '拓展', '业务', '建设', '目标', '经验', '精耕', '行业', '五险', '互帮互助', '待遇', '集团', '系统管理', '客户', '看房', '圈层', '电销', '原生态', '买卖', '组织', '教育', '开展', '效能', '佣金', '维护', '制定', '全方位', '提成', '团队', '欣欣', '法学专业', '下属', '免费', '底薪', '高薪', '经费', '高额', '校区', '洽谈', '新人奖', '销售', '业绩', '提供', '一金', '客源', '计划', '享有', '晋升', '部门', '客户资源', '有效', '专业', '培训', '语言表达', '销售主管', '落实', '20w', '房源', '问题', '上班时间', '绿色', '拜访', '法律顾问', '以上学历', '平米', '知识产权', '20%', '租赁', '关系', '空缺', '行业动态', '晋升制度', '售中', '肯吃苦', '饭补', '聚餐', '链家', '抗压']"
69,客户经理,"['能力', '开拓', '类及', '岗位职责', '传播', '稳重', '按照', '报备', '业务', '经验', '当月', '设计师', '客户关系', 'party', '公司', '7%', '执行', '行业', '五险', '满意度', '有限', '贷后', '广告行业', '客户', '双休', '方案', '渠道', '南沙', '项目', '实物', '金融', '上级部门', '广告公司', '不限有', '维护', '提成', '团队', '提案', '服务', '出房', '管理制度', '表达能力', '贷款', '设计部', '跟踪服务', '买卖双方', '广告', '底薪', '撰写', '气质佳', '进行', '销售', '提供', '一金', '合作', '晋升', '客户经理', '新入', '公关', '主要', '签单', '良好', '协调', '富力', '收房', '培训', '意识', '意向', '端口', '协作关系', '法定', '以上学历', '大专', '周岁', '家装', '咨询服务', '退租', '理财', '经理', '带薪', '计划指标', '银行', '找房', '沟通', '中介费']"
70,高级理财经理,"['以上学历', '沙龙', '提供', '岗位职责', '客户', '财富', '净值', '保质', '关系', '根据', '人际交往', '渠道', '理财', '理财产品', '信托', '金融', '维护', '银行', '服务', '具有']"
71,风控经理,"['从业', '行业', '催收', '法律法规', '征信', '提醒', '资格', '以上学历', '五险', '进行', '贷后', '风控', '清收', '审核', '控制', '一金', '识别', '岗位职责', '核查', '逾期', '资信', '信用卡', '分析', '完善', '记录', '风险', '评估', '还款', '根据', '项目风险', '风险管理', '信贷', '客户资料', '流程', '私募', '查看', '审批', '账户', '金融', '体系', '电话', '无责', '业务', '股权', '法律', '投后', '基金', '全日制', '交办', '沟通', '公司', '贷款']"
72,大客户代表,"['销售策略', '需求', '挖掘', '行业', '以上学历', '销售', '人力资源', '团建', '一金', '岗位职责', '合作', '沟通了解', '客户', '公关能力', '本科', '合同', '人际交往', '维护', '直聘', '客户关系']"
73,设计部经理,"['设计部', '任务', '组建', '管理', '设计', '岗位职责', '家装', '部门', '完成', '监督', '签单', '协调', '带领', '产值', '团队', '目标', '经验', '谈单', '设计师', '室内设计']"
74,ui设计师,"['ui', '风格', '体验', '涵盖', 'ai', '用户', 'banner', '动效', '设计组', 'illustrator', '设计方案', '擅于', 'c4d', 'sketch', '主美', '产品', 'h5', '图标', 'app', '专业本科', '大屏', '端及', '用户界面', '设计', 'div', '总结', '岗位职责', '美术', 'pc', '前端', '艺术设计', '交互', '构思新颖', '开发人员', 'css', 'android', '方法论', '复用', '色彩感', '科普', 'axure', 'flash', '专升本', '棋牌类', '微信端', '视觉', '设计规范', 'web', 'photoshop', '可议', '视野', 'ios', 'javascript', '创造力', '页面', 'logo', '细节', 'html', '界面', '移动', '色彩', '平面设计', '用户群', '汽车', '界面设计', '全日制', '切图', '素养', 'ue', '网页']"
75,移动端开发工程师,"['服务平台', '开发技术', 'sdk', '解决问题', 'angularjs', '严谨', '逻辑思维', 'android', '不同', '兼容性', 'javascript', '开发', '最终用户', '版本', 'html', '移动', '流畅', '测试工具', '浓厚兴趣', '内存']"
76,财富顾问,"['从业', '以上学历', '提供', '客户', '财富', '客户资源', '净值', '高端', '渠道', '理财', '证券', '资格考试', '开发', '金融', '维护', '银行', '产品销售', '客户关系', '服务', '具有']"
77,董事长助理,"['以上学历', '岗位职责', '行程', '形象', '文件', '左右', '范围', '协调', '董事长', '重要', '知识', '年龄', '疫情', '处理', '协助', '各项', '做好', '交办', '公司', '写作能力']"
78,投资理财顾问,"['资源', '咨询', '需求', '开拓', '提供', '岗位职责', '客户', '双休', '保险', '客户资源', '理财', '理财产品', '证券', '良好', '金融', '无责', '维护', '优秀', '具有', '公司']"
79,信贷管理,"['底薪', '融资', '精英', '口齿清晰', '优秀人才', '以上学历', '进行', '贷后', '销售', '提供', '一金', '岗位职责', '客户', '电销', '晋升', '梦想', '贷前', '申请', '主要', '信贷业务', '电话', '专业培训', '银行', '提成', '培训', '沟通', '公司', '贷款']"
80,审计项目经理,"['注册', '会计师', '以上学历', '进行', '岗位职责', '独立', '组织协调', '完成', '本科', '事务所', '审计', '敬业精神', '审计报告', '项目', '大型项目', '带领', '审计工作', '带队', '交办', '税务师']"
81,机械结构工程师,"['结构设计', '2d', '热能', 'cad', '需求', '诚信', '产品', '以上学历', '规格书', '传动', '退休', '设计', '3d', 'solidworks', '岗位职责', '化工机械', '机械', '机械设计', '回收', '根据', 'autocad', 'ug', '减速机', '结构', 'pro', '接受', '设计标准', '经验', '返聘', '工艺', 'bom', '机械工程', '阶段', '图纸', '同步带', '非标']"
82,设计经理/主管,"['设计部', '创意设计', '解决', 'ai', 'cad', 'vi', '以上', '创意', '主持', '管道', '管理', '设计', '软件', '岗位职责', '家装', '美术', '画册', '实际', '独立', '方案', '施工图', '指导', '根据', 'autocad', '工艺流程', '组织', '装修', '手绘', '主要', '环境工程', '废气', '结构', '项目', '视觉', '协调', 'photoshop', '广告设计', '细化', 'cdr', 'pid', '专业', '报告', '处理', '团队', '经验', '平面设计', '计划编制', '给排水', '环保', '谈单', '设计师', '室内设计', '沟通', 'ps', '问题']"
83,专利代理人,"['检索', '挖掘', '专利', '撰写', '以上学历', '知识产权', '代理', '岗位职责', '文件', '分析', '理工科', '代理人', '专利申请', '案件', '专业', '领域', '侵权', '电学', '表达能力', '答复']"
84,招商经理,"['亚标', '产业园', '任职', '拜访', '客户档案', '商户', '以上学历', '大专', '朝阳', '洽谈', '兼优', '品牌', '谈判', '市场动态', '有众', '租赁', '提供', '岗位职责', '解决问题', '分析', '加盟', '计划', '商业地产', '市场', '人际沟通', '客户资源', '购物中心', '收集', '完成', '四板', '信息', '商业', '职位', '渠道', '组合', 'cctv', '不限', '品行', '业态', '商务谈判', '签约', '提交', '多个', '回访', '招商', '租户', '搜集', '市场调研', '接洽', '制定', '入驻', '目标', '经验', '企业', '执行力', '沟通']"
85,客户经理信贷,"['一金', '获客', '岗位职责', '提成', '底薪', '双休', '全日制', '五险', '金融', '客户资源', '贷后', '外向', '贷前', '金融公司', '信贷', '贷款']"
86,采购经理,"['资源', '供货', '大型', '到货', '厂商', '采购部', '商品', '供应', '以上学历', '管理', '大专', '进行', '确认', '土木工程', '谈判', '机械设备', '供应链', '做到', '岗位职责', '要求', '品德', '成本', '部门', '化工类', '评估', '必须', '机电设备', '厂家', '合同', '分管', '制度', '品类', '其它', '组织', '总结报告', '流程', '主要', '采购计划', '采购', '申请单', '商务谈判', '供应商', '提交', '遵纪守法', '确保', '房补', '工程', '制定', '业务流程', '设备厂', '食品安全', '经验', '物资', '填写', '肉类', '类产品', '公司']"
87,投资顾问,"['从业', '资产', '底薪', '投资', '资格', '以上学历', '销售', '提供', '一金', '岗位职责', '顾问', '客户', '客户资源', '净值', '理财', '理财产品', '证券', '良好', '金融', '维护', '服务', '沟通', '公司']"
88,会计文员,"['较强', '日常事务', '围护', '拍思', '资料', '客服', '数据分析', '合作', '套餐', '报税', '整理', '打电话', '宣传', '会计', '媒体', '做账', '处理', '意识', '老板', '具有']"
89,信贷专员,"['主动', '月薪', '口齿清晰', '贷后', '销售', '提供', '一金', '周岁', '岗位职责', '客户', '客户资源', '福利待遇', '贷前', '信贷', '定期', '申请', '优秀者', '年休假', '金融', '电话', '知识', '生日', '无责', '开发新', '提成', '培训', '意向', '敏捷', '抗压', '交际', '公司', '贷款']"
90,理财规划师,"['投资', '五险', '以上学历', '提供', '一金', '岗位职责', '客户', '双休', '净值', '高端', '配置', '理财', '理财产品', '信托', '金融', '专业', '维护', '营销', '客户关系', '服务']"
91,结构工程师,"['结构设计', '中标', '2d', 'cad', '继电保护', '合肥', '10kv', '国家电网', '设计院', '产品', '优秀人才', '以上学历', '大专', 'pkpm', '金具', '进行', '专业本科', '土木工程', '建筑设计', '设计', '3d', '软件', '一金', 'solidworks', '熟悉', '同行业', '岗位职责', '画图', '机械', '模具', '施工图', '机械设计', '五金', 'autocad', '计算', 'ug', '试产', '本科', '大学本科', '相关', '出图', '模具设计', 'pro', '机箱', '塑胶', '结构', '南方电网', '工民建', '配合', '谦虚', '专业', '机电', '开模', '经验', '自主', '工艺', 'bom', '主导', '制图', '电子产品', '五金材料']"
92,机械工程师,"['结构设计', 'solidwork', '2d', 'cad', '化工', '合适', '机加工', '采购部', '调试', '产品', '验证', '以上学历', '设备设计', '大专', '进行', '寻找', '检修', '设计', '自动化', '机械设备', '设备', '物流', '软件', '岗位职责', '机械制图', 'solidworks', '拆分', '加工', '要求', '机械', '有限元', '布置图', '电气工程师', '液压', '机械设计', '机械加工', 'autocad', 'proe', '选型', 'solid', '相关', '医疗器械', '装配', '装配图', '机电', '设计标准', '经验', '工艺', 'bom', '钣金件', '制图', '零部件', '安装', '图纸', '非标']"
93,理财经理,"['从业', '资格', '以上学历', '销售', '提供', '一金', '岗位职责', '客户', '财富', '客户资源', '净值', '高端', '理财', '理财产品', '证券', '信托', '金融', '维护', '服务', '具有']"
94,技术负责人,"['分包', '质量', '标准规范', '检验', '排放', '职务', '环境', '审核', '管理工作', '实验室', '慎投', '计划性', '检测', '组织', '专科毕业', '污水', '技术', '丰富', '控制', '机动车']"
95,软件测试工程师,"['产品软件', '缺陷', '多线程', '专业本科', '设计', '自动化', '软件', '岗位职责', '分析', 'bms', '语言', '工具', 'web', '接口', '基本素质', 'c++', '经验', '软件系统', 'sql', '测试工具', 'pcb', '电子相关', 'x86', '性能', '脚本语言', 'linux', 'python', '熟悉', '嵌入式操作系统', '软件开发', '串口', '项目组', '原理图', '本科', '单片机', '测试', '深入分析', 'bug', '开发', '代码', '软件设计', '精通', '用例', '维护', '框架', 'winform', '功能测试', '软件架构', '时序', '解决', '程序', '编写', '调试', '进行', '软件工程', 'tcp', '独立', 'sqlserver', '文档', 'c语言', '面向对象', '测试环境', 'visual', 'css3', '测试计划', '问题', '编程语言', '通讯', 'c#', '需求', '二次开发', 'udp', '以上学历', '设计模式', 'mysql', '升级', 'div', '程序开发', 'qt', 'st', 'java', 'net', '定位问题', '流程', '软件测试', '编程', '编程技术', 'simulink', '技术', '测试报告', '测试用例', '数据库', '计算机相关']"
96,.net,"['熟悉', '框架', 'net', 'c#', 'html', 'server', 'oracle', 'framework', '开发', 'ajax', 'sql', 'asp', '代码', '数据库', '设计模式', '计算机相关', 'mvc']"
97,策划经理,"['定位', '策划', '广告', '执行', '创意', '推广', '营销策划', '撰写', '品牌', '市场动态', '岗位职责', '传播', '文案', '独立', '方案', '策略', '完成', 'ppt', '媒体', '项目', '活动', '市场调研', '房地产', '拓展', '报告', '提案', '经验', '营销', '沟通', '节点', '提报']"
98,咨询顾问,"['咨询', '较强', '撰写', '管理', '岗位职责', '咨询服务', '客户', '分析', '沟通', '项目经理', 'word', 'ppt', 'mba', '项目', '专业', '调研', 'excel', '参与', '企业', '具有']"
99,置业顾问,"['协作关系', '底薪', '销售', '租赁', '提供', '岗位职责', '咨询服务', '客户', '看房', '二手房', '房产', '楼盘', '置业', '出国游', '业务', '提成', '经纪人', '房源', '职业']"
100,咨询师,"['咨询', '口腔', '整形', '气质佳', '美容', '术后', '进行', '提供', '岗位职责', '亲和力', '解疑', '医美', '医院', '顾客', '咨询师', '良好', '客情', '患者', '微整', '沟通']"
101,美容导师,"['区域', '驻店', '气质佳', '加盟店', '美容', '进行', '导师', '销售', '岗位职责', '合作', '形象', '专业知识', '出差', '店家', '美容店', '活泼开朗', '手法', '美容师', '美导', '美容院', '知识', '培训', '语言表达', '经验', '仪器']"
102,产品运营,"['有无', '创业者', '每周', '1.18', '拉新', '机制', '认知', '洞察', '富有', '完善', '变现', '有效', '4a', '建立', '品味', '思考', '不错', '激情', '判断']"
103,电路设计,"['pcb', '器件', '调试', '模拟', '设计', '软件', '熟悉', 'layout', '原理图', '单片机', '硬件', '测试', '电路板', '开发', '电子', '使用', '智能', '电路', '电路设计', '数字电路']"
104,行政主管,"['电力', '劳动', '劳动纪律', '决定', '会议', '绩效考核', '上市公司', '大型', '店面', '一部分', '日报表', '日常事务', '报酬', '办公', '行政部', '管理', '资料', '实施', '固定资产', '落实工作', '公司员工', '审核', '有序', '人力资源', '一金', '岗位职责', '工作台', '计划性', '行政', '外来人员', '情况', '突发事件', '部门', '建筑行业', '工商管理', '考勤制度', '制度', '有效', '主要', '事务', '日常性', '联系', '情况表', '检查', '请款', '执业资格', '餐费', '能源管理', '协调', '积极主动', '按照', '办公用品', '基础', '年龄', '制定', '领导', '外联', '统筹', '吃苦耐劳', '之间', '处理', '收费', '精神', '写作能力', '人事', '复核', '行政主管', '管理制度', '承受', '档案管理', '所有', '规章制度', '公司', '各项', '人员']"
105,招商主管,"['定位', '商户', '以上学历', '大专', '品牌', '谈判', '写字楼', '租赁', '岗位职责', '计划', '商业地产', '客户资源', '完成', '商业', '业态', '开展', '招商', '制定', '经验', '客户关系']"
106,人力资源经理,"['得体', '交补', '谈吐', '人力', '梯队', '管理', '高新', '考核', '人力资源', '计划书', '手续', '社工', '岗位职责', '行政', '总务', '招聘', '计划', '完善', '科研院所', '统招', '孵化', '调岗', '履历', '流程', '计发', '主要', '薪酬', '职能', '员工', '监督控制', '协调', '公益', '方面', '各个', '体系', '安全控制', '通讯录', '建立', '外联', '建设', '接受', '人事管理', '资源管理', '科创', '职业培训', '战略', '实践', '模块', '管理体系', '说明书', '公司', '各项', '人员']"
107,行政经理,"['推动', '催办', '会议', '资产', '大型', '执行', '保密工作', '办公', '行政部', '管理', '集团', '行政', '形象', '文件', '文秘', '人际沟通', '关系', '公关能力', '组织', '传递', '大学本科', '车体广告', '语言', '公务车', '洞察力', '各类', '维护', '领导', '外联', '使用', '签收', '办公自动化', '敏捷', '日程安排', '事务性', '公司', '各项']"
108,结构设计师,"['结构设计', '设计院', '以上学历', 'pkpm', '进行', '专业本科', '甲级', '土木工程', '设计', '软件', '分析', '施工图', '计算', '完成', '扩初', '结构', '专业', '阶段', '图纸', '建筑设计']"
109,工程经理,"['以上', '设施', '管理', '维修', '设备', '计划', '物业', '机电设备', '组织', '强电', '暖通', '监督', '项目', '确保', '强弱电', '工程', '制定', '保养', '危险源', '物业管理']"
110,嵌入式研发工程师,"['pcb', '实现', '电力', '逻辑', 'arm', '编写', '应用层', '调试', '以上学历', '万用表', 'linux', '通信协议', 'ups', '设计', '熟悉', 'cpld', '驱动', '原理图', '开发工具', '电磁兼容', '文档', '嵌入式', '单片机', '硬件', '编程', 'c语言', '变频器', '开发', '嵌入式软件', '电子', 'c++', 'pid', 'stm32', 'mcu', '经验', '电力设备', 'svg', '电路', '架构设计', '电路设计']"
111,财务主管,"['税收政策', '财务收支', '会计人员', '岗位职责', '支票', '分析', '报税', '成本', '会计凭证', '报表', '库存商品', '会计', '监督', '工商', '全盘', '会计核算', '账务', '相符', '公司', '决策', '财务计划', '以内', '货币资金', '熟悉', 'word', '农业', '资格证书', '组织', '财务预算', '10k', '财务制度', '细致', '财务管理', '预算', '财务软件', '制定', '对账', '有限公司', '控制', '会计科目', '证照', '申报', '梳理', '财务', '财务主管', '会计报表', '以上', '3.3', '会计职称', '手续', '子公司', '原始凭证', '人际交往', '相关', '检查', '企业财务', '费用', 'excel', '成本核算', '交办', '年收入', '编制', '记账', '收据', '记帐', '以上学历', '审核', '往来', '资金', '凭证', '制度', '总公司', '审计', '归集', '体系', '营业部', '汇算', '税务', '核算', '财务报表', '描述']"
112,商家运营,"['o2o', '口碑', '商户', '以上学历', '大专', '商家', '进行', '数据分析', '岗位职责', '合作', '策略', '成长', '外卖', '运营', 'bd', '竞对', '维护', '帮助', '目标', '提升']"
113,证券分析师,"['从业', '解盘', '行业', '投资', '投顾', '撰写', '以上学历', '资格', '研究', '分析', '独立', '逻辑思维', '策略', '本科', '证券', '良好', '录播', 'a股', '报告', '具有']"
114,研发工程师,"['pcb', '注册', '分子生物学', '调试', '产品', '以上学历', '试剂', '技术支持', '生物', '设计', '熟悉', '岗位职责', '文件', '诊断', '实验', '独立', '原理图', '本科', '化学', '单片机', '体外', '测序', '相关', '测试', 'c语言', '开发', '高分子', '医疗器械', '研发', '工艺', '技术', '产品开发', '改进']"
115,销售代表,"['节日', '本行业', '周末', '广告业务', '富有', '岗位职责', '生日会', '25%', '二手房', '信息', '轻松', '过万', '薪资', 'job', '拓展', '业务', '客户关系', '行业', '五险', '80%', '贝壳', '广告行业', '婚假', '待遇', '集团', '客户', '看房', '周日', '完善', '电销', '买卖', '敢于', '指标', '抗压', '效能', '置业', '新人', '出国游', '维护', '提成', '团队', '欣欣', '法学专业', '免费', '餐补', '1.18', '底薪', '机制', '高薪', '经费', '高额', '面销', '洽谈', '新人奖', '销售', '提供', '一金', '合作', '沟通了解', '学历', '计划', '享有', '晋升', '客户资源', '有效', '优秀者', '岗前', '良好', '专业', '充满热情', '以及', '培训', '语言表达', '强烈欲望', '20w', '激情', '房源', '上班时间', '绿色', '老客户', '拜访', '节假日', '法律顾问', '法定', '应变能力', '下午茶', '知识产权', '大专', '20%', '租赁', '一日游', '关系', '空缺', '行业动态', '晋升制度', '转正', '年轻', '带薪', '精神', '肯吃苦', '努力', '20k', '饭补', '聚餐', '链家', '沟通']"
116,安装造价工程师,"['工程预算', '审核', '成本', '造价', '合同', '全过程', '招标', '造价师', '定额', '项目', '预算', '专业', '工程', '计价', '机电', '清单', '结算', '安装', '编制', '控制']"
117,文员,"['邮寄', '报单', '保密工作', '家园', '周末', '管理', '资料', '落实工作', '统计', '最好', '归档', '软件', '就近', '交代', '岗位职责', '实时', '报表', '整理', '录入', '归类', '请假', '外勤', '储存', '房子', '积极主动', '跟踪', '档案', '使用', '一些', '物资', '社保', '操作', '事务性', '原件', '公司', '发展', '供货', '表格', '收纳', '心细', '五险', '办公', '查询', '行政', '全程', '文件', '文员', '贺仪', '单休', '双休', '完善', '节能降耗', 'word', '文秘', '材料', '日常', '工业园', '合同', '通道', '批量', '汇总', '细致', '打理', '维护', '领导', '渝北区', '之间', '订单', '办公自动化', '协助', '做好', '表达能力', '社区活动', '各项', '登记', '责任心', '备用金', '进行', '一金', '物流', '打字', '收发', '普通话', '文书', '百分之十', '小结', '可以', '人际交往', '办公区', '主要', '快速', '会议记录', '协调', '聊天', '数据', 'excel', '四天', '起草', '以及', '单据', '办公设备', '工作', '欲望', '为人正直', '差错率', '集体', '交办', '档案管理', '待人', '催办', '细心', '任职', '办公室', '易耗品', '节假日', '考勤', '以上学历', '大专', '标准', '标签', '承办', '后续', '上传下达', '打印', '电脑', '调岗', '打单', '中专', '电话', '溧水', '熟练', '带薪', '处理', '补充', 'office', '分类整理', '安排', '办公地', '工作岗位']"
118,理财顾问,"['从业', '资产', '投资', '以上学历', '提供', '一金', '岗位职责', '客户', '客户资源', '净值', '根据', '高端', '配置', '理财', '理财产品', '金融', '专业', '维护', '服务', '公司']"
119,贷款专员,"['缴纳', '节日', '提供', '二金', '培训', '贷款', '客户', '文艺类', '享受', '节假日', '法定', '不限有', '主管', '贷前', '扩招', '锦江区', '带薪']"
120,工程项目经理,"['安全', '质量', '脱硝', '施工现场', '过程', '工程进度', '变电', '以上学历', '管理', '竣工', '岗位职责', '过送', '现场', '组织', '环境工程', '项目', '监督控制', '协调', '工民建', '工程项目', '治理', '进度', '工程施工', '建造师', '工程', '施工', '工程质量', '项目管理', '控制']"
121,网络工程师,"['网络系统', '调试', '监控', '实施', '网络安全', 'tcp', '熟悉', '主流', '网络', 'ip', '运维', '路由', '配置', 'h3c', '网络故障', '网络设备', '维护', '交换机', '故障', '路由器', 'cisco', '技术', '安装', '华为', '防火墙']"
122,环保项目经理,"['应急', '大型', '以上学历', '做人', '清扫', '岗位职责', '废水', '具体', '细聊', '回收', '中科院', '治理', '安全控制', '判断能力', '背景', 'voc', '环保', '客户关系', '交际', '许可证']"
123,银行贷款专员,"['早九晚', '节假日', '销售', '团建', '一金', '岗位职责', '五休', '客户', '学历', '合作', '单休', '贷前', '人际交往', '岗前', '市场营销', '公司地址', '借款', '沟通', '贷款']"
124,现场工程师,"['issues', 'time', 'process', '设备', 'equipment', 'related', 'engineering', '操作规程', '有效', '现场', '快速', '按照', '基础', '填写', 'good', '提前准备', '安装', 'construction', '全权负责', 'site']"
125,运营经理,"['发展', '市场部', '连锁', '经营', '执行', '以上', '团购', '满意度', '行政部', '管理', '管理人员', '总经理', '品牌', '业务部门', '谈判', '管理工作', '同行业', '岗位职责', '计划', '部门', '荣誉感', '运营部', '团长', '工商管理', '农业', '精准', '销售部', '营运', '追踪', '运营', '协调', '落地', '小区', '制定', '团队', '授权', '判断', '门店', '餐饮']"
126,三维/cad/制图,"['创意', 'lg', '设计', '软件', '3d', '展览', '岗位职责', '施工图', '完成', '制作', '展台', '研发部', '效果图', '家具', '新风', '使用', '决算', '经验', '操作', '设计师', '定制', '展示', '草图', '植物', '总图', 'sketchup', '3dmax', '需要', '构思', '三菱', '根据', 'autocad', '现场', 'su', '整装', '空调', 'photoshop', '工业', 'max', '色彩', '工艺', '景观', '渲染', '全屋', '绘制', '室内', '暖通设计', '机械', '展厅', '独立', '扩初', '主要', '暖通', '三维', '衣柜', '净水', '工程施工', '专业', '建筑', '落实', '空间设计', '绘图', '景观规划', 'cad', '了解', '工装', '运用', '管道', '以上学历', '大专', '大师', '机械行业', '外观设计', '要求', '装修', '水机', '方面', '熟练', '深化', '制图', '安排', '室内设计', '沟通', 'ps', '图纸', '测量']"
127,工程造价,"['工程造价', '咨询', '投标', '算量', '工程量', '广联达', '工程预算', '审核', '软件', '施工单位', '设计变更', '成本', '独立', '造价', '全过程', '审计', '造价师', '土建', '定额', '预算', '概算', '招收', '招投标', '专业', '工程', '预决算', '计价', '预算员', '造价员', '清单', '结算', '安装', '编制', '图纸']"
128,电气自控工程师,"['元器件', '组态', '继电保护', '调试', '电缆', '绘制', '触摸屏', '火力发电', '仪表', '西门子', '给与', 'plc', '编程', '设计规范', '工程项目', '实践经验', '试验', '电气', '图纸', '自控']"
129,安装工程师,"['工程进度', '管理工作', '工程部', '竣工', '施工单位', '设计变更', '验收', '消防', '现场', '协调', '监理', '进度', '工程施工', '工程', '施工', '落实', '技术', '给排水', '工程质量', '安装']"
130,机械设计工程师,"['结构设计', '脱硝', 'cad', '机加工', '过程', '诚信', '产品', '以上学历', '设备设计', '进行', '定居', '设计', '软件', '设备', '一金', '岗位职责', 'solidworks', '零部件', '自动化', '加工', '化工机械', '要求', '机械', '改进', '机械设计', '机械加工', 'autocad', '选型', 'ug', 'catia', '工艺', '技术', 'bom', '环保', '制图', '踏实', '安装', '图纸', '生产', '绘图', '非标']"
131,硬件测试工程师,"['过程', '专业本科', '板卡', '设计', '专业对口', 'layout', '岗位职责', '分析', '信号', 'fpga', '电子', '完整性', '使用', '研发', '经验', '智能', 'bom', '测试工具', 'cpu', '逆变器', '电路设计', '具有', '调测', '数字电路', 'pcb', '电子相关', 'eda', 'arm', '性能', '控制器', '模拟', '熟悉', '动手', '串口', '根据', '原理图', '嵌入式', '单片机', '强电', '测试', '电力行业', '开发', '精通', '电子行业', 'stm32', 'mcu', '电厂', '功能测试', '编写', '器件', '调试', '以上', '产品', '进行', '万用表', '选型', '开发工具', '文档', '层板', '相关', '测试环境', '可靠性', 'dsp', '测试计划', '电表', '电路', '问题', '单元测试', '通讯', '定位', '元器件', '电力', '了解', 'ups', '电磁兼容', '产线', '硬件', '技术', '测试报告', '测试用例', 'emc']"
132,高级客户经理,"['从业', '实现', '一金', '提供', '理财', '品质', '有车', '客户', '公司', '证券', '营销', '职业规划', '金融', '以上学历', '梦想', '具有', '本科', '专业']"
133,理财师,"['以上学历', '专业本科', '一金', '提供', '岗位职责', '客户资源', '净值', '根据', '高端', '人际交往', '资格证书', '有效', '理财', '理财产品', '信托', '转化率', '金融', 'p2p', '服务', '各种渠道']"
134,资深平面设计师,"['创意设计', '平面', 'ai', '广告', 'vi', '创意', '以上学历', '设计', '岗位职责', '作品', '美术', '完成', '完稿', '视觉', 'photoshop', '品牌设计', '海报', '经验', '平面设计', 'ps']"
135,全屋定制设计师,"['橱柜', 'cad', '设计方案', '全屋', '复尺', '设计', '软件', '岗位职责', '客户', '方案', '下单', '三维', '出图', '衣柜', '效果图', '家具', '量尺', '家乐', '设计师', '安装', '室内设计', '沟通', '定制', '测量']"
136,技术支持工程师,"['必要', '拜访', '化工', '做起', '交流', '调试', '核心技术', '污油', '产品', '以上学历', '周休', '钻研', '技术支持', '技术培训', 'linux', '实施', '标准', '熟悉', '信息工程', '岗位职责', '需对', '客户', '驾驶证', '售前', '要求', '出差', '网络', '仪表', '配线', '文档', '现场', '行业动态', '相关', 'plc', '控制工程', '环境工程', '工作制', '污水', '实训', '售后', '维护', '制做', '使用', '员工福利', '电力系统', '处理', '固废', '经验', '六小时', '驾驶证者', '技术', '自动控制', '安装', '问题', '计算机相关', '污水处理']"
137,资深文案,"['策划', '广告', '创意', '广告学', '稿件', '撰写', '以上学历', '品牌', '岗位职责', '文笔流畅', '文案', '方案', '功底', '策略', '创作', '项目', '文字', '提案', '经验', '发想']"
138,资深设计师,"['创意设计', 'ai', '广告', '执行', 'vi', '创意', '设计', '岗位职责', '美术', '功底', '完成', '手绘', '项目', '视觉', 'photoshop', '广告设计', '品牌设计', '经验', '平面设计', 'ps']"
139,专利工程师,"['检索', '交底', 'cad', '挖掘', '专利', '撰写', '以上学历', '知识产权', '婚假', '岗位职责', '文件', '理工科', '代理人', '本科', '专利申请', '专利技术', '相关', '专业', '技术', '答复']"
140,机械设计师,"['结构设计', 'cad', '生产工艺', '产品', '以上学历', '设备设计', '认同', '部件', '通风', '聘请', '设计', '软件', '设备', 'solidworks', '零部件', '自动化', '加工', '扎实', '机械', '机械设计', '机械加工', 'autocad', '选型', 'ug', '价值观', '结构', '空调', '整洁', '输出', '从事', '技术', '环保', '非标', '图纸', '工作者', '及水']"
141,电力工程师,"['继电保护', '变电', '高压', '保修', '配电房', '出差', '二次', '传递', '技术指标', '转化', '规则', '高低压', '制定', '变电站', '接受', '配网', '电力设备', '积极', '乐观', '设备厂']"
142,招商专员,"['资源', '拜访', '园区', '变通', '谈吐', '独立思考', '商户', '协会', '以上学历', '进行', '洽谈', '服从', '写字楼', '租赁', '岗位职责', '集团', '客户', '分析', '客户资源', '稳重', '政府', '信息', '各种', '创业项目', '指标', '守信', '政策', '商务谈判', '市场营销', '项目', '招商', '介绍', '市场调研', '领导', '入驻', '经验', '交办', '上级', '满意']"
143,自动化工程师,"['通讯', '组态', '上位', '过滤', '调试', '以上学历', '控制系统', '软件', '设备', '自动化', '岗位职责', '电气系统', '设计', '出差', '贺金', '常驻', '选型', '原理图', '电气专业', '现场', '监测', '西门子', 'plc', '编程', '变频器', '电气工程', '电气', 'abb', '监测仪器', '化工行业', '自控', '控制', '施耐德']"
144,设计师,"['样衣', '方案设计', '另招', '设计方案', '创意', '协同', '因新', '油烟', '可研', '设计', '软件', '3d', '岗位职责', '照明设计', '事物', '画册', '施工图', '承诺', '制作', '完成', '下单', '车库', '会用', '效果图', '家具', '施工', '时尚', '经验', '大道', '空间', '设计师', '定制', '一到', '文艺', 'ai', 'vi', 'word', '方案', '款式', '根据', 'autocad', '新鲜', '万到', '服装', '颜色', 'photoshop', 'cdr', '固废', '工艺', '施工监督', '包装', '创意设计', '风格', '广告', '服装设计', '以上', '产品', '软装', '考虑', '全屋', '利用自身', '美术', '流行', '勇于创新', '独立', '环评', '婚礼', '想象力', '三维', '100%', '视觉', '在线', '工民建', '清洗', '从事', '衣柜', '表现', '量尺', '平面设计', '环保', '报价', 'cad', '审美', '南油', '量房', '运用', '以上学历', '家装', '结构图', '面料', '装饰', '监测', '装修', '手绘', '艺术修养', '面辅料', '发光字', '熟练', '海报', '主创', '谈单', '室内设计', '沟通', 'ps']"
145,软装设计师,"['整体', 'cad', '方案设计', '硬装', '设计方案', '软装', '以上学历', '饰品', '室内', '样板房', '设计', '样板间', '岗位职责', '家居', '方案', 'autocad', '完成', '艺术设计', 'ppt', '布艺', 'photoshop', '挂画', '搭配', '家具', '色彩', '配饰', '花艺', '家乐', '室内设计', '沟通', 'ps', '置家', '摆场', '陈设']"
146,知识产权,"['检索', '专利', '撰写', '以上学历', '知识产权', '进行', '保护', '查询', '提供', '岗位职责', '客户', '代理人', '版权', '流程', '申请', '商标', '业务', '企业', '客户关系', '申报']"
147,项目主管,"['资源', '标书', '供货', '较强', '公益事业', '任职', '文档资料', '园区', '区域', '执行', '胜任', '社会工作', '环境', '需要', '单位', '以上学历', '管理', '控制', '供货商', '一金', '处理工艺', '社工', '岗位职责', '项目经理', '计划', '整理', '巡查', '风管', '农业', '承包', '分管', '信息', '资格证书', '孵化', '现场', '负责人', '务实', '时请', '环境工程', '废气', '监督', '机构', '社区', '政府', '项目', '甲方', '协调', '公益', '交付', '跟踪', '治理', '确保', '招投标', '外联', '建设', 'voc', '团队', '经验', '状况', '规划', '保证', '环保', '社群', '描述', '踏实', '项目管理', '沟通', '生产', '及时', '写作能力']"
148,产品专员,"['区域', '本行业', '资料', '医疗', '富有', '岗位职责', '分析', '市场', '二手房', '信息', '轻松', '巴南', 'job', '拓展', '业务', '建立', '机会', '经验', '市场推广', '每周', '行业', '推广', '五险', '待遇', '集团', '客户', '看房', '货品', '完善', '电销', '买卖', '性格', '抗压', '效能', '维护', '提成', '欣欣', '协助', '法学专业', '免费', '1.18', '底薪', '机制', '高薪', '经费', '产品', '高额', '进行', '洽谈', '新人奖', '销售', '调配', '新品', '提供', '一金', '沟通了解', '倒休', '年轻人', '竞品', '享有', '晋升', '客户资源', '有效', '相关', '4a', '专业', '培训', '语言表达', '20w', '激情', '房源', '交办', '上班时间', '绿色', '产品开发', '需求', '拜访', '法律顾问', '以上学历', '大专', '知识产权', '20%', '租赁', '数据分析', '化妆品', '关系', '空缺', '行业动态', '晋升制度', '市场调研', '肯吃苦', '饭补', '聚餐', '链家', '沟通']"
149,市场推广,"['公益事业', '策划', '养老', '执行', '推广', '校区', '以上学历', '品牌', 'qq', '异业', '一金', '岗位职责', '潜在', '合作', '亲和力', '爱心', '乐于助人', '敬业', '市场', '周边', '收集', '宣传', '渠道', '教育', '入户', '机构', '签单', '公益', '活动', '求助者', '帮助', '开发新', '意识', '居家', '市场推广', '优先选择']"
150,咨询项目管理,"['咨询', '能力', '申报材料', '以上学历', '管理', '岗位职责', '沟通', '具有', '政府', '信息', '组织', '相关', '政策', '高新技术', '项目', '报告', '企业', '编制', '抗压', '申报']"
151,经纪人,"['资源', '理想', '专人', '3k', '剧组', '通告', '演艺', '带徒弟', '娱乐', '影视', '岗位职责', '看房', '直播', '艺人', '收入丰厚', '演员', '行内', '主播', '4k', '相对', '签约', '模特', '协调', '招募', '++', '一对一', '自信', '经纪人', '演出', '学习', '90%', '网红', '经纪', '描述', '沟通']"
152,销售工程师,"['主动', '能力', '客户档案', '区域', '开拓', '亦可', '负载', '岗位职责', '毕业生', '生日会', '市场', '二手房', '低压', '应届', '积极进取', '反应', 'job', '拓展', '业务', '产品销售', '经验', '客户关系', '共创', '积极', '公司', '管理学', '行业', '五险', '勇于', '婚假', '待遇', '集团', '客户', '看房', '电销', '年者', '买卖', '市场营销', '效能', '背景', '维护', '提成', '欣欣', '低压配电', '极强', '销售者', '法学专业', '入司', '免费', '任务', '底薪', '高薪', '经费', '产品', '高额', '洽谈', '新人奖', '市场动态', '销售', '提供', '一金', '享有', '晋升', '客户资源', '福利待遇', '有效', '商务谈判', '周边城市', '达到目标', '判断能力', '专业', '充满热情', '培训', '语言表达', '20w', '测试项目', '账款', '房源', '礼金', '环保', '上班时间', '绿色', '保持良好', '综合体', '拜访', '差旅费', '法律顾问', '以上学历', '大专', '知识产权', '20%', '租赁', '帐款', '做点', '保量', '理工科', '关系', '工商管理', '空缺', '行业动态', '信息技术', '晋升制度', '带薪', '电力系统', '开发新', '提点', '能流畅', '肯吃苦', '饭补', '聚餐', '链家', '抗压']"
153,证券投资顾问,"['从业', '投资', '券商', '投顾', '资格', '疑难问题', '六险', '客户', '顾问', '专属', '指定', '证券', '执业资格', '账户', '金融', '维护', '两金', '习惯', '服务', '公司']"
154,品牌策划,"['能力', '策划', '全案', '创意', '推广', '广告学', '营销策划', '撰写', '以上学历', '品牌', '岗位职责', '传播', '文案', '方案', '策略', '宣传', '品牌策略', '媒体', '提案', '营销']"
155,财务咨询顾问,"['财务', '咨询', '注册', '财税', '会计师', '进行', '财务咨询', '会计', '审计', '公司', '一般', '做账', '工商', '小规模', '税务', '纳税人', '企业', '税务师', '沟通', '申报']"
156,分析师,"['报告', '研究', '交易', '期货', 'vc', '分析', '证券', '行业', '投资', '企业', 'pe', '金融', 'fa', '指导', 'tmt', '背景', '安于现状']"
157,审计,"['财务', '注册', '会计师', '以上', '以上学历', '归档', '项目经理', '独立', '鉴证', '完成', '事务所', '会计', '审计', '底稿', '审计报告', '审计工作', '报告', '经验', '交办', '税务师']"
158,3d设计师,"['创意设计', 'cad', '3dmax', '创意', '设计', '3d', '软件', '展览', '岗位职责', '施工图', 'autocad', '完成', '制作', '展台', 'photoshop', '效果图', '公关活动', '展示', '舞美']"
159,人力资源总监,"['发展', '较强', '决策', '机制', '人力', '培养', '实施', '人力资源', '领导力', '制度', '组织', '政策法规', '人才', '监督控制', '体系', '制定', '人事管理', '资源管理', '人事', '定岗']"
160,招聘经理,"['需求', '奖金', '管理', '进行', '丰厚', '考核', '人力资源', '应聘者', '招聘', '社招', '完成', '录用', '人才', '面试', '确保', '简历', '校招', '笔试', '上级', '人员']"
161,市场主管,"['市场部', '策划', '中心', '校区', '以上学历', '异业', '岗位职责', '合作', '市场', '宣传', '渠道', '教育', '市场营销', '活动', '制定', '团队', '培训', '经验', '市场推广', '招生']"
162,平面设计师,"['创意', '设计', '软件', '岗位职责', '传播', '画册', '闷骚', '完成', '制作', '归纳', '时间', '电子商城', 'logo', '使用', '校级', '美术设计', '公司', 'ai', 'illustrator', 'vi', '新颖', '图片', '拒绝', '品牌', '1.1', '作品集', '获得', 'photoshop', '广告设计', '广告公司', '各类', '浙大', '精通', 'cdr', '单页', '平面广告', '包装', '创意设计', '广告', '画册设计', '产品包装', '考虑', '易拉宝', '美术', '企业宣传', '敏锐', '宣传', '相关', '主要', '发送', '宣传品', '遵纪守法', '视觉', '良好', '活动', '印前', '意图', '房地产', '促销', '印刷', '平面设计', '环保', '形象设计', '排版', '平面', '审美', '宣传册', '以上学历', '物料', '详情页', '把握', '内到', '手绘', '页面', '生活', '熟练', '海报', 'coreldraw', '成品', 'ps']"
163,证券经纪人,"['从业', '投资', '资格', '以上学历', '提供', '岗位职责', '客户', '渠道', '传递', '理财', '证券', '资格考试', '开发', '金融', '维护', '开户', '经纪人', '营销', '服务', '公司']"
164,三维动画师,"['软件', '镜头', 'maya', '特效', '三维', '熟练掌握', '绑定', 'c4d', '角色', '动作', 'ae', '三维动画', '建模', '场景', '渲染', '制作', '材质', '动画']"
165,人力资源主管,"['升职', '每位', '管理', '考核', '管理工作', '岗位职责', '事物', '实务', '薪酬', '监督', '定期维护', '绩效评价', '坚持', '拓展', '优秀', '建立', '建设', '人事管理', '全面', '公司', '发展', '表格', '执行', '1.65', '人事档案', '耐心', '总经理', '实施', '分配', '人力资源', '公共', '行政', '完善', '办理', '人际沟通', '主管', '策略', '根据', '组织', '朝九晚', '定期', '汇总', '指标', '假期', '深耕', '开展', '监督控制', 'hrbp', '适应', '思维', '制定', '劳动合同', '俱佳', '资源管理', '人事', '企业', '规划', '做好', '表达能力', '生产型', '各项', '用工', '绩效考核', '独有', '绩效', '手续', '计划', '部门', '年终', '原则性', '内购', '员工', '年龄', '信息管理', '培训', '厚街', '模块', '六大', '规章制度', '说明书', '人员', '潜力', '任职', '综合体', '灵魂', '人力', '考勤', '以上学历', '人事行政', '人力资源部', '亲和力', '招聘', '关系', '统招', '制度', '负责人', '流程', '人才', '体系', '帮助', '入职', '处理', '描述', '安排', '二年']"
166,项目助理,"['能力', '一手', '申报材料', '投资', '管理', '资料', '落实工作', '社工', '岗位职责', '整理', '收集', '完成', '信息', '各种', '归类', '不限', '修改', '青浦', '出游', '进度', '跟踪', '国家', '施工', '有车', '参与', '能动性', '具有', '事务性', '管理学', '执行', '电力工程', '社会工作', '五险', '环境', '办公', '实施', '公益活动', '开标', '文件', '项目经理', 'word', '出差', '主管', '青浦区', '本科', '合同', '现场', '性格', '汇总', '真真实实', '项目', '配合', '各类', 'pdf', '适应', '评标', '优良', '办公自动化', '协助', '尽调', '执行力', '申报', '跟进', '咨询', '解决', '薪金', '对接', '过节', '以上', '包住', '减压', '交流会', '进行', '软件工程', '一金', '半天', '会议纪要', '计划', '文档', '全过程', '相关', '招标', '青城', '协调', '良好', '为主', '招投标', '优先', '谦虚', '专业', '工程', 'excel', '工作', '衔接', '环保', '交办', '项目管理', '编制', '写作能力', '文职', '需求', '任职', '了解', 'cad', 'pmp', '10kv', '法律法规', '助理', '以上学历', '大专', '顺畅', '7k', '后续', '上级领导', '理工科', '评估', '报装', '可谈', '环境工程', '政策', '管饭', '能静心', '车者', '公益', '方面', '经理', '核实', '建筑材料', '处理', 'office', '安排', '踏实', '沟通', '图纸']"
167,项目工程师,"['跟进', '过程', '大专', '以上学历', '岗位职责', '计划', '要求', '模具', '项目风险', '现场', '组织', '相关', '项目', '协调', '交付', '进度', '制定', '项目管理', '安装', '沟通']"
168,产品设计师,"['技能', '创意设计', '交底', '制作', '审图', '出图', '会审', 'coreldraw', '打样', '3dmax', '工艺', '展会', 'photoshop', '演示', '其它', '产品设计', '效果', '讲解']"
169,采购工程师,"['返修', '较强', '解决', '紧急事件', 'erp', '到货', '入账', '采购部', '协同', '供应', '委外', '节假日', '以上学历', '管理', '大专', '进行', '物料', '我司', '谈判', '熟悉', '寻源', '处理工艺', '催货', '岗位职责', '撑握', '情况', '清晰', '计划', '成本', '材料', '评估', '按质', '原材料', '选型', '合同', '渠道', '退货', '流程', '采购计划', '采购', '商务谈判', '申请单', '良好', '供应商', '跨部门', '协调', '跟踪', '谈价', '结构件', '电子', '外包', '经验', '认真仔细', '对账', '职业道德', '交办', '控制', '定制', '质量体系', '机加']"
170,策划主管,"['定位', '策划', '执行', '推广', '营销策划', '以上学历', '实施', '岗位职责', '文案', '独立', '策略', '市场策划', '项目', '活动', '市场调研', '房地产', '制定', '报告', '促销', '营销']"
171,人事经理,"['绩效考核', '任职', '工伤', '执行', '人力', '以上学历', '人事行政', '人事制度', '实施', '考核', '公司员工', '人力资源', '一金', '岗位职责', '招聘', '完善', '组织协调', '逻辑思维', '本科', '制度', '有效', '相关', '人事工作', '制定', '劳动合同', '人事管理', '资源管理', '人事', '规划', '交办', '说明书', '公司', '续签', '人员']"
172,实施工程师,"['部署', '胜任者', '解决', '应急', '需求', '化工', 'erp', 'oracle', '交流', '编写', '系统', '以上学历', '实施', '医疗', '最好', '支撑', '软件工程', 'his', 'mysql', '软件', '熟悉', '自制', '高压', '子公司', '或水', '岗位职责', '控制', '计算机相关', '布置图', '出差', '二次', '必须', '环境治理', '文档', '环评', '现场', '技术人员', '环境工程', 'server', '会审', '项目', '从事', '维护', '小规模', '经验', '热力', '市政', '诚恳', '项目前期', '水务', '技术', '电气', '投运', '环保', 'sql', '数据库', '短期', '项目管理', '问题', '沟通', '安装', '及时']"
173,预定票务,"['订票', '国内机票', '航空公司', '黑屏', 'qq', '一金', '岗位职责', '携程', '签证', '预订', '改签', '旅行社', 'eterm', '票务', '熟练', '出票', '机票', '预定', '国际', '操作']"
174,采购主管,"['任职', '商品', '大专', '以上学历', '管理', '进行', '落实工作', '谈判', '熟悉', '岗位职责', '部门', '评估', '流程', '交期', '采购计划', '采购', '供应商', '经验', '订单', '交办']"
175,电话客服,"['底薪', '节假日', '口齿清晰', '上六休', '五险', '应变能力', '进行', '客服', '20%', '销售', '提供', '一金', '岗位职责', '生日会', '客户', '看房', '沟通了解', '学历', '双休', '微信', '接听', '朝九晚', '邀约', '岗前', '50%', '回访', '电话', '无责', '带薪', '开发新', '培训', '意向', '沟通', '午休', '公司']"
176,采购专员,"['质量', '新站', '采购部', '过程', '产品成本', '管理', '落实工作', '包装材料', '岗位职责', '拍单', '情况', '名录', '成本', '新老', '上报', '信息', '报帐', '确定', '一定', '商务礼品', '跟踪', '交货期', '物资', '格林', '购单', '及时', '发货', '供货', '到货', '执行', '供应', '家禽类', '进货', '熟悉', '设备', '供应链', '武清', 'word', '材料', '生鲜', '根据', '合同', '年薪制', '组织', '评审', '开发', '细致', '领导', '电厂', '订单', '耗材', '对账', '职业道德', '外发', '管理制度', '承受', '解决', '责任心', '商品', '审验', '产品', '融洽', '考虑', '进行', '谈判', '一金', '做到', '按计划', '相关', '全局', '食材', '库存', '采购', '商务谈判', '遵纪守法', '良好', '跨部门', '供应商', 'excel', '信息库', '妈咪', '2.1', '交办', '询价', '质量体系', '行业资讯', '元器件', '任职', 'erp', '物品', '以上学历', '付款', '文具', '大专', '物料', '鲜肉', '装饰', '原材料', '线缆', '正直', '总结报告', '流程', '交期', '采购计划', '名单', '合格', '机械配件', '电力系统', '很强', '大学专科', '安排', '沟通']"
177,风控专员,"['从业', '法律法规', '催收', '有风控', '征信', '提醒', '五险', '以上学历', '进行', '贷后', '风控', '清收', '审核', '控制', '一金', '岗位职责', '核查', '逾期', '资信', '客户', '信用卡', '分析', '记录', '风险', '评估', '还款', '根据', '贷前', '风险管理', '信贷', '客户资料', '私募', '查看', '审批', '账户', '享受', '金融', '电话', '无责', '贷中', '借款人', '基金', '全日制', '交办', '沟通', '公司', '贷款']"
178,知识产权顾问,"['老客户', '专利', '五险', '以上学历', '大专', '知识产权', '销售', '提供', '一金', '岗位职责', '合作', '客户', '双休', '版权', '商标', '电话', '业务', '带薪', '沟通', '公司']"
179,深化设计师,"['交底', 'cad', '施工现场', '工装', '以上学历', '绘制', '设计', '岗位职责', '施工图', '规范', '完成', '配合', '施工工艺', '施工', '深化', '设计师', '制图', '图纸', '室内设计', '节点']"
180,测量员,"['cad', '任职', '工资', '仪器', '另议', '较忙', '以上学历', '大专', '资料', '岗位职责', '测量员', '地理信息', '要求', '全站仪', '放样', '挂钩', '整理', '条件者', '内业', '测绘', '航测', '专业', '熟练', '施工', '地籍图', '外业', '带组', '地形', '数字化', '做好', '工作量', '仪器设备', 'gps', '测量', '放线']"
181,预结算员,"['工程造价', '分包', '报价', '投标', '工程量', '广联达', '软件', '竣工', '设计变更', '成本', '材料', '造价', '相关', '预算', '工程', '施工', '决算', '结算', '图纸', '编制']"
182,质量工程师,"['逻辑性', '质量', '检验', '不合格品', '过程', '统计分析', '以上学历', '监控', '产品检验', '大专', '机械行业', '表单', '岗位职责', '产品质量', '外协', '分析', '客诉', '组织', '相关', '品质', '改善', '机械类', '体系', 'iatf16949', '合格', '质量检验', '制定', '管理工具', '娴熟', '管理体系', '制程', '控制', '质量体系', '改进', '问题']"
183,助理研究员,"['sci', '社会', '实验室', '社工', '择优录用', '文稿', '文科类', '本科生', '组织', '更优', '开展', '应聘', '学位证书', '起草', '派驻', '历练', '论文', '研究生', '年薪', '工作岗位']"
184,营销管培生,"['商圈', '一金', '协作关系', '深圳', '政策法规', '岗前', '营销', '房产', '管培生', '副总经理', '见习', '双通道', '经理', '带客', '保障', '80%', '副总裁', '市场动态']"
185,电力工程项目经理,"['电力', '资源', '获取', '交流', '地点', '电力工程', '进行', '本地', '供用电', '高压', '重庆', '监测', '主要', '改造', '电力行业', '协调', '高低压', '从事', '工程', '配网']"
186,文案策划,"['宣传册', '策划', '广告', '微博', '新闻稿', '创意', '具备', '营销策划', '稿件', '广告学', '撰写', '内容', '以上学历', '大专', '资料', '配图', '产品', '品牌', '新闻', '一金', '岗位职责', '文笔流畅', '传播', '扎实', '文案', 'word', '独立', '方案', '功底', '新闻学', '宣传', 'ppt', '微信', '相关', '媒体', '搜集整理', '市场营销', '项目', '运营', '专题', '推广', '活动', '各类', '房地产', '文字', '宣传片', '编辑', '提案', '公众', '营销', '软文', '交办', '描述', '创新', '行业资讯', '公司']"
187,项目申报专员,"['了解', '申报材料', '具备', '撰写', '以上学历', '知识产权', '岗位职责', '送审', '客户', '要求', 'word', '验收', '理工科', '收集', '政府', '信息', '相关', '政策', '高新技术', '项目', '科技', '文字', 'excel', '解读', '企业', '素养', '职业', '服务', '沟通', '申报']"
188,运输经理/主管,"['车辆', '任职', '司机', '以上学历', '管理', '大专', '维修', '车辆管理', '物流', '保险', '库房', '联系', '异常', '驾驶员', '处理', '状况', '运输', '配送', '安排', '承运']"
189,it技术支持,"['计算机硬件', '网络系统', '调试', 'oa', '系统', '以上学历', '监控', '技术支持', '维修', '打印机', '熟悉', '岗位职责', 'windows', '服务器', '网络', '电脑', '运维', '硬件', '计算机', '软硬件', '售后', '操作系统', '弱电', '网络设备', '维护', '故障', '技术', '安装', '计算机相关', '公司']"
190,平面设计,"['创意', '设计', '软件', '摄影者', '岗位职责', '画册', 'pop', '后期制作', '完成', '制作', '无差错', '类库', '图文', '公司', 'ai', '周六', 'illustrator', 'vi', '图片', '板式', '品牌', '1.1', '周日', '敏感', 'indesign', '艺术设计', '通道', '各类', '广告设计', '思维', '输出', '广告公司', 'cdr', 'photoshop', '视频剪辑', '单页', '色彩', '包装', '创意设计', '风格', '连锁', '广告', '餐盒', '产品包装', '写作', '包材', '形象', '美术', '应聘者', '企业宣传', '独立', '宣传', '相关', '主要', '宣传品', '针对', '视觉', '活动', '印刷', '平面设计', '集体', '行业资讯', '排版', '平面', '理解', '宣传册', '官网', '悟性', '以上学历', '大专', '爱新', '物料', '详情页', '把握', '功底', '手绘', '色彩感', '海报', 'coreldraw', 'id', '大学专科', '成熟', 'ps']"
191,预结算,"['工程造价', '投标', '工程量', '广联达', '工程预算', '审核', '设计变更', '成本', '签证', '装饰', '造价', '定额', '预算', '招投标', '工程', '预决算', '施工', '决算', '结算', '编制']"
192,技术工程师,"['问题解答', '解决', 'cad', '要强', '联系方式', '调试', '产品', '以上学历', '大专', '钻研', '考虑', '技术培训', '船东', '技术支持', '土木工程', '协助执行', '喷涂', '熟悉', '设备', '一金', '岗位职责', '加工', '售前', '联系电话', '甲醛', 'word', '动手', '指派', '方案', '仪表', '左右', '芙蓉区', '本科生', '现场', '两个', '相关', '主要', '环境工程', '一般', '中专', '车床', '职称者', '会用', '治理', '适应', '售后', '弱电', '开关柜', '专业', '铣床', '维护', '邮箱', '类新', '危险源', '技术', '工作餐', '共创', '问题', '安装']"
193,策划,"['能力', '策划', '广告', '大型', '园区', '微博', '执行', '创意', '推广', '营销策划', '审定', '撰写', '优秀人才', '以上学历', '进行', '实施', '新闻', '朝九晚五', '一金', '社工', '分内', '岗位职责', '文案', '独立', '方案', '独当一面', '功底', '工司', '完成', '案场', 'ppt', '证者', '项目', '监督管理', '活动', '市场调研', '文字', '传播学', '效果', '统筹', '提案', '软文', '沟通', '工作者', '方法']"
194,运营助理/专员,"['餐补', '开发新', '1.18', '事务', '合作', '养老', '分析', '促销', '执行', '月薪', '市场', '反馈', 'ms', '专员', '建立', '有效']"
195,预算员,"['工程造价', '电力', '报价', '变更', '投标', '10kv', '掌握', '电力工程', '工程量', '广联达', '以上学历', '工程预算', '审核', '外地', '服从', '卓越', '岗位职责', '竣工', '设计变更', '成本', '实际', '材料', '签证', '施工图', '造价', '合同', '各种', '及预', '会审', '上岗', '定额', '预算', '估算', '招投标', '预算编制', '工程施工', '工程', '施工', '预决算', '配网', '计价', '决算', '使用', '预算员', '取费', '清单', '结算', '材料价格', '证书', '安排', '编制', '图纸']"
196,环评技术员,"['环境影响', '应急', '类别', '环境', '业务部门', '归档', '送审', '质量保证', '验收', '验收报告', '环评', '相关', '环境工程', '汇编', '报审', '报批', '报告', '图件', '工程师', '承受']"
197,售前技术支持,"['完整', '做出', '支持', '交流', '技术支持', '市场动态', '自动化', '信息工程', '售前', '市场需求', '归纳', '答疑', '上岗', '协调', '适应', '演示', '调研', '技术', '电气', '类产品']"
198,安装预算员,"['工程造价', '算量', '工程量', '广联达', '工程预算', '审核', '标底', '软件', '设计变更', '造价', '合同', '定额', '预算', '工程', '洽商', '决算', '清单', '结算', '安装', '编制']"
199,技术支持,"['调试', '具备', '产品', '以上学历', '大专', '技术支持', '岗位职责', '客户', '售前', '出差', '现场', '解决方案', '售后', '适应', '弱电', '专业', '使用', '技术', '安装', '沟通']"
200,客户执行ae,"['跟进', '能力', '需求', '策划', '广告', '执行', '广告学', '以上学历', '广告行业', '岗位职责', '客户', '传播', 'ae', '良好', '项目', '协调', '广告公司', '营销', '排期', '沟通']"
201,文案编辑,"['网站', '策划', '采编', '事业部', '创意', '出稿', '新闻', '组稿', '采写', '岗位职责', '传播', '热门话题', '收集', '媒体广告', '编辑', '公众', '主题', '软文', '公司', '创想', '听说读写', '推广', '品牌', '广告行业', '总结', '文笔流畅', '思路清晰', '逻辑思维', '新闻学', '根据', '媒体', '对抖音', '机构', '各类', '思维', '策划书', '背景', '年轻化', '文字编辑', '文章', '广告', '独有', '新闻稿', '稿件', '产品', '撰写', 'h5', '采集', '写作', '关于', '文案', '应有', '宣传', '实战经验', '相关', '专科毕业', '热点', '宣传品', '电脑操作', '运营', '采访', '活动', '知识面', '促销', '落实', '汉语言', '交办', '行业资讯', '规章制度', '写作能力', '论坛', '微博', '官网', '广告学', '以上学历', '应变能力', '内容', '大专', '遵守', '更新', '搞笑', '评估', '功底', '微信', '产品描述', '校对', '市场调研', '文字', '传播学', '企业形象', '描述', 'ps', '企宣']"
202,质量管理/测试,"['元器件', '分析仪', '质量', '管控', '检验', '以上', '过程', '环境', '产品', '管理', '管线', '进行', '出货', '标准', '表单', '熟悉', '通晓', '产品质量', '检测', '要求', '不良', '无线电', '第三方', '标识', '制程', '制度', '测试', '品质', 'qc', '检定', '采样', '改善', '适应', '异常', '固废', '校准', '经验', '巡检', '提前准备', '操作', '成品', '管理体系', '来料', '控制', '生产', '质量体系', '问题']"
203,售后工程师,"['解决', '计算机硬件', '做出', '变通', '调试', '科技园', '产品', '以上学历', '水泵', '技术支持', '维修', '大专', '上门服务', 'ups', '冷却塔', '末端', '自动化', '设备', '杭州市', '岗位职责', '客户', '售前', '出差', '控制柜', '按质', '指导', '类似', '现场', '相关', '主要', 'c1', '中专', '针对', '回访', '医疗器械', '售后', '净水', '年龄', '更换', '维护', '变电站', '机电', '保养', '售后服务', '问题', '仪器', '安装', '制冷机']"
204,文案,"['个人', '请带', '策划', '采编', '创意', '资料', '快节奏', '岗位职责', '成果', '应届', '爆点', '卖点', '动态', '洞察力', '基础', '编辑', '公众', '软文', '公司', '得体', '执行', '推广', '通告', '高新', '驾驭能力', '品牌', '文笔流畅', '方案', '逻辑思维', '科研院所', '工业园', '新闻学', '孵化', '事务', '媒体', '各类', '接受', '提案', '科创', '表达能力', '文笔', '广告', '新闻稿', '谈吐', '稿件', '产品', '撰写', '发布', '文案', '企业宣传', '宣传', '履历', '相关', '主要', '热点', '运营', '活动', '拓客', '演讲稿', '汉语言', '浓厚兴趣', '会长', '文笔优美', '日程安排', '行业资讯', '写作能力', '微博', '官网', '帐号', '广告学', '以上学历', '内容', '功底', 'ppt', '微信', '产品描述', '灵活处理', '校对', '搜集', '文字', '营销', '地产']"
205,客服专员/助理,"['货运', '淘宝', '早九晚', '疑难问题', '岗位职责', '整理', '货物', '录入', '信息', '时间', '心理素质', '一定', '关怀', '售后', '跟踪', '按照', '业务', '使用', '细节', '打字速度', '公司', '发货', '五险', '提醒', '面签', '满意度', '系统', '耐心', '办公', '客户', '售前', '单休', '反馈', '接待', '异常', '投诉', '维护', '订单', '扫描', '服务', '咨询', '解决', '自信心', '进行', '客服', '提供', '物流', '一金', '普通话', '解答', '打电话', '早中晚', '主要', '聊天', '语言表达', '问题', '志同道合', '老客户', '快递', '报送', '以上学历', '大专', '标准', '回复', '要求', 'wps', '电脑', '接听', '客户资料', '客户服务', '中专', '回访', '电话', '处理', '阿里巴巴', '精神', 'office', '聊天工具', '描述', '沟通']"
206,投资助理,"['从业', '行业', '投资', '以上学历', '岗位职责', '研究', '分析', '本科', '大学本科', '证券', '项目', '尽职', '金融', '经理', '报告', '投后', '协助', '尽调', '基金', '公司']"
207,活动策划,"['能力', '策划', '执行', '创意', '合伙制', '户外运动', '撰写', '案例', '以上学历', '市场动态', 'qq', '一金', '推广部', '竞争对手', '总结', '本科毕业', '岗位职责', '传播', '策划案', '文案', '南京', '商会', '用户服务', 'word', '独立', '商业地产', '方案', '市场', '根据', '主管', 'ppt', '行业动态', '跨界', '组织', '公关', '会场', '热点', '往届', '守信', '社区', '监督管理', '推送', '活动', '生态圈', '公关活动', '文字', '制定', '领导', '统筹', '效果', '布置', '上线', '报告', '提案', '文宣', '经验', '移动', '企业', '商业活动', '康养', '丰富', '企业形象', '交办', '沟通', '社区活动', '地产']"
208,市场专员,"['能力', '策划', '执行', '推广', '五险', '校区', '以上学历', '大专', '异业', '一金', '岗位职责', '合作', '市场', '收集', '完成', '宣传', '渠道', '市场营销', '活动', '市场推广']"
209,工程主管,"['设施', '管理', '维修', '设备', '工程部', '岗位职责', '计划', '部门', '验收', '物业', '报修', '组织', '强电', '装修', '监督', '检查', '小区', '工程', '保养', '物业管理']"
210,其他职位,"['科研', '单位', '生物', '培养', '进行', '开朗', '做满', '实验室', '一金', '控制', '研究', '手册', '专业知识', '有薪', '完成', '环评', '现场', 'c2', 'c1', '虫害', '蔬菜', '技巧', '法规', '一般', '诚实', '降尘', '有机', '领导', '布置', '以及', '能会', '就是', '环保', '聚餐', '后期', '宠物', '工厂', '植物']"
211,产品助理,"['需求', '用户', '产品', '以上学历', '进行', '设计', '迭代', '岗位职责', '分析', '竞品', '逻辑思维', '文档', 'axure', '协调', '互联网', '原型', '经理', '产品设计', '协助', '沟通']"
212,设计,"['创意设计', '平面', 'ai', '宣传册', '审美', 'vi', '创意', '推广', '产品', 'h5', '图片', '产品包装', '利用自身', '详情页', '设计', '软件', '把握', '岗位职责', '美术', '彩页', 'pc', '企业宣传', '画册', '独立', '招商会', '规范', '自有', '生鲜', '完成', '制作', '宣传', '出品', '电商', '相关', '范围', '海报设计', 'mac', '手绘', '名片', '职能', '宣传品', '视觉', '展板', '广告宣传', '所有', 'photoshop', '页面', 'cdr', '海报', '促销', '平面设计', 'dm', 'b2b', 'ps', '包装', '公司', '展示', '人员']"
213,业务跟单,"['跟进', '货期', '以上学历', '岗位职责', '要求', '外贸', '打样', '服装', '交期', '样品', '大货', '协调', '进度', '跟踪', '订单', '沟通', '生产', '及时', '跟单', '工厂']"
214,商务专员,"['标书', '热能', '投标', '熟悉', '岗位职责', '作息', '合作', '文件', '人际沟通', '报价单', '合同', '商务谈判', '良好', '整改', '协调', '付汇', '商务礼品', 'gcp', '招投标', '商务']"
215,经理助理,"['纳米', '休息', '诚实可靠', '保密工作', '管理', '统计', '超微', '管理工作', '岗位职责', '交代', '情况', '品貌', '整理', '完成', '信息', '陵园', '辅助', '监督', '修改', '行政助理', '跟踪', '业务', '对本', '能动性', '社保', '公司', '得体', '会议', '满意度', '办公', '总经理', '内部', '总结', '行政', '文件', '文秘', '日常', '根据', '科研院所', '本科', '合同', '全速', '接待', '整合', '极块', '适应', '思维', '特点', '领导', '接受', '商务', '优良', '协助', '做事', '科创', '做好', '战略', '督促', '打交道', '各项', '理想', '1.18', '初试', '以上', '谈吐', '气质佳', '应酬', '帮忙', '形象', '学历', '普通话', '一家', '部门', '国企', '人际交往', '履历', '有效', '主要', '会议记录', '经理助理', '部长', '检查', '遵纪守法', '协调', '良好', '拿到', '知识', '意图', 'excel', '起草', '船员', '语言表达', '干满', '落实', '工作', '为人正直', '衔接', '建档', '传达', '交办', '品行端正', '日程安排', '上班时间', '写作能力', '催办', '细心', '保持良好', '办公室', '天津市', '宴请', '助理', '以上学历', '大专', '寻找', '洞察', '周岁', '亲和力', '偶尔', '上级领导', '要求', '电脑', '追踪', '领悟', '经理', '处理', 'office', '融入', '品格', '副总经理', '服务公司', '安排', '沟通']"
216,机械设备工程师,"['身体健康', 'ms', '路上', '设备', 'solidworks', '加工', '机械', '勇于创新', 'ug', '环境工程', '废气', 'pro', '适应', '专业', '熟练', '固废', '修护', '原厂', '废水处理', '专长']"
217,工程监理,"['质量', '管理', '进行', '家装', '工地', '材料', '验收', '监理员', '现场', '装修', '监督', '协调', '工民建', '监理', '施工工艺', '工程', '施工', '施工进度', '工程师', '工程质量']"
218,策划师,"['策划', '推广', '广告学', '营销策划', '岗位职责', '方案', '市场', '组织', '监督', '策划师', '媒体广告', '项目', '协调', '活动', '广告公司', '房地产', '制定', '目标', '阶段性', '营销']"
219,调试工程师,"['电力', '调试', '自动化', '人际沟通', '二次', '勤奋努力', '本科', '软硬件', '心理素质', '售中', '良好', '事业心', '电气工程', '适应', '责任感', '变电站', '配网', '接受', '电力系统', '素质']"
220,财税顾问,"['财税', '能力', '代理', '销售', '提供', '婚假', '岗位职责', '客户', '顾问', '双休', '定期', '工商', '电话', '带薪', '税务', '企业', '服务', '沟通', '公司', '记账']"
221,检测工程师,"['性能', '环境', '大专', '以上学历', '指导书', '实验室', '一金', '检测', '光伏', '要求', '统招', '测试', '应用化学', '化学工程', '专业', '报告', '按时', '液质', '仪器设备', '有机化学']"
222,安全员,"['安全', '交底', '施工现场', '法律法规', '以上', '持证', '以上学历', '管理', '建筑施工', '进行', '资料', '安全员', '管理工作', '岗位职责', '会议纪要', '认证工作', '理论知识', '巡查', '规范', '制度', '消防器材', '现场', '组织', '教育', '安全检查', '内业', '安全隐患', '监督', '检查', '中专', '整改', '事故', '体系', '施工', '落实', '危险源', '土建类', '督促', '证书', '生产', '作业', '例会']"
223,采编,"['策划', '采编', '新闻稿', '稿件', '撰写', '内容', '以上学历', '新闻', '组稿', '采写', '岗位职责', '功底', '微信', '媒体', '采访', '专访', '文字', '编辑', '公众', '选题']"
224,技术员,"['电力', '交底', '变更', 'cad', '施工现场', '测量', '器件', '充电', '配电', '以上学历', '大专', '技术支持', '资料', '万用表', '维修', '检修', '提供', '设计变更', '单板', '现场', '组织', '会审', '检查', '基本', '工程施工', '建造师', '工程', '制定', '施工', '技术员', '技术', '工程师', '电气', '图纸', '编制', '仪器', '模块', '电烙铁', '勘察', '放线']"
225,电力预算员,"['工程造价', '电力', '电力工程', '工程量', '广联达', '工程预算', '计金', '软件工程', '组织协调', '造价', '评估', '预算', '工程施工', '判断能力', '年龄', '预决算', '男女', '工程图纸', '非常', '建设工程']"
226,项目专员,"['申报材料', '过程', '每年', '社会', '口出', '社工', '处理工艺', '岗位职责', '验收', '收集', '信息', '拓展', '参与', '机械工程', '环境监测', '高企', '支持', '执行', '工程进度', '社会工作', '专业技能', '创业精神', '计划书', '设备', '废水', '环节', 'word', '思路清晰', '出差', '材料', '分配任务', '主管', '根据', '农业', '大学本科', '汇总', '机构', '开展', '项目', '适应', '制定', '项目前期', '企业', '规划', '协助', '社区活动', '申报', '组员', '撰写', '中文', '进行', '写作', '一金', '政府', '相关', '社区', '高新技术', '活动', '治理', '北京', 'excel', '报告', '以及', '交办', '项目管理', '写作能力', '拜访', '以上学历', '应变能力', '知识产权', '大专', '审核', '任务书', '要求', '组织协调', '研发部门', '理工科', '环境工程', '灵活处理', '政策', '详细', '公益', '科技', '搜集', '调研', '技术', '沟通', '密切配合']"
227,电气设计工程师,"['交底', '10kv', '下料', '变电', '电站', '可研', '设计', '储能', '初设', '施工图', '二次', '设计者', '料单', '电路系统', '成套', '电控柜', '取费', '振荡电路', '电气', '图纸']"
228,策划专员,"['定位', '策划', '广告', '执行', '创意', '推广', '广告学', '营销策划', '撰写', '以上学历', '品牌', '岗位职责', '文案', '方案', '逻辑思维', '功底', '宣传', '市场策划', '市场营销', '项目', '经理', '活动', '市场调研', '房地产', '文字', '参与', '报告', '提案', '经验', '营销', '大学专科']"
229,会计,"['统计', '财会', '灵活', '岗位职责', '会计工作', '分析', '报税', '会计凭证', '报表', '年度', '会计', '归纳', '监督', '电算化', '税法', '事业心', '工商', '全盘', '会计核算', '外联', '小规模', '保管', '报销', '账务', '事务性', '及时', '公司', '财务计划', '年检', '填制', '内部', '资格证书', '朝九晚', '定期', '事务', '财务制度', '法规', '机构', '猪场', '细致', '财务管理', '各类', '财务软件', '总账', '对账', '会计学', '申报', '财务', '会计报表', '会计师', '发票', '单位', '代理', '开票', '物流', '原始凭证', '一般', '做账', '费用', '成本核算', '纳税人', '核对', '纳税', '交办', '编制', '记账', '报送', '记帐', '以上学历', '审核', '往来', '凭证', '金蝶', '脑子', '审计', '内审', '每月', '汇算', '处理', '税务', '核算', '用友', '会计制度', '财务报表', '账目']"
230,活动策划执行,"['策划', '执行', '创意', '社会工作', '撰写', '内容', '公益活动', '交流学习', '岗位职责', '策划案', '按计划', '文案', '比赛', '计划', '独立', '方案', '完成', '昆山市', 'ppt', '现场', '组织', '流程', '项目', '获得', '各类', '活动', '公关活动', '文字', '制定', '参与', '提案', '经验', '钓鱼', '打交道', '沟通']"
231,实验室技术员,"['质量', '二代', '检验', '分子生物学', '求知欲', '助理', '环境', '细胞', '以上学历', '试剂', '大专', '分析方法', '有序', '实验室', '测试中心', '专科', '岗位职责', '化学分析', '检测', '分析', '实验', '售前', '分析仪器', '记录', 'lcms', '理论知识', '验收报告', '药剂', '完成', '化学', '测试数据', '测序', '物理性能', '负责人', '相关', '样品', '采样', 'cnas', '应用化学', '外加剂', 'pcr', '校准', '混凝土', '技术员', '湖南省', '细胞培养', '填写', '提前准备', '操作', '实验员', '仪器', '上级']"
232,会计主管,"['财务', '会计报表', '税务局', '财税', '会计人员', '审核', '职能部门', '岗位职责', '会计工作', '资金', '报税', '投融资', '组织协调', '关系', '人际交往', '会计', '外帐', '做账', '提交', '审计工作', '财务软件', '结账', '费用', '领导', '会计部', '帐簿', '税务', '决算', '处理', '纳税人', '账务', '大学专科', '财务经理', '会计制度', '交办', '税务师', '日报', '会计学', '申报', '记账']"
233,财务,"['小时', '财务收支', '会计专业', '账单', '财会', '归档', '员工工资', '岗位职责', '会计工作', '货代', '报税', '会计凭证', '报表', '要会', '差旅', '年度', '票据', '会计', '出纳', '时间', '税法', '工商', '会计核算', '明细表', '操守', '保管', '认真细致', '账务', '生产指标', '事务性', '公司', '银行业务', '7.5', '注册', '周六', '电力工程', '财务计划', '资格', '内账', '清算', '分配', '内部', '财务部', 'word', '日常', '内外', '财务预算', '收支', '财务制度', '帐务', '法规', '财经类', '财务管理', '预算', '财务软件', '结账', '总账', '制定', '经验丰富', '对账', '内务', '明细账', '承受', '会计科目', '申报', '坐班', '梳理', '财务', '财务主管', '会计报表', '经营', '交流', '登记', '发票', '以上', '考虑', '代理', '开票', '一金', '举止大方', '原始凭证', '开具', '成本费用', '毕业', '相关', '主要', '做账', '进出', '费用', '成本核算', '单据', '协作', '公司财务', '为人正直', '纳税人', '外账', '核对', '主导', '纳税', '交办', '正邦', '编制', '协会', '记账', '办公室', '拎包', '运用', '服务部', '以上学历', '大专', '审核', '往来', '要求', '记录', '凭证', '财经', '审计', '每月', '方面', '艰苦奋斗', '汇算', '银行', '处理', '税务', '系列', '核算', '用友', 'office', '装订', '会计制度', '财务报表', '职业', '资质']"
234,运营专员,"['资源', '任职', '拉新', '资格', 'h5', '社会', '业绩', '合作', '收集', '政府', '有效', '社区', '开展', '整合', '治理', '建设', '辖区', '主题', '用户线', '客户关系']"
235,招聘专员,"['复试', '需求', '初试', '人力', '以上学历', '大专', '进行', '岗位', '人力资源', '一金', '岗位职责', '应聘者', '招聘', '人才需求', '完成', '统招', '录用', '渠道', '各种', '组织', '流程', '相关', '主要', '职能', '人才库', '邀约', '人才', '协调', '面试', '简历', '搜集', '候选人', '维护', '入职', '招聘广告', '资源管理', '人事', '甄选', '交办', '表达能力', '安排', '技巧', '人员']"
236,投资顾问助理,"['从业', '需求', '投资', '五险', '资格', '以上学历', '进行', '提供', '一金', '热爱', '岗位职责', '顾问', '客户', '人际交往', '理财', '证券', '金融', '全日制', '服务', '过节费']"
237,项目负责人,"['党群', '公积金', '社会工作', '良好形象', '元加', '15k', '社工', '类似', '10k', '联系', '守信', '求职', '遵纪守法', '院落', '服务中心', '成都市', '服务项目', '新都区', '服务']"
238,销售助理,"['保持良好', '拜访', '底薪', '行业', '监管', '高薪', '邮寄', '高额', '经费', '以上学历', '法律顾问', '知识产权', '价格体系', '洽谈', '五险', '新人奖', '20%', '销售', '租赁', '提供', '一金', '待遇', '集团', '岗位职责', '客户', '分析', '看房', '部内', '享有', '电销', '晋升', '客户资源', '关系', '回款', '二手房', '电脑', '买卖', '有效', '行业动态', '空缺', '晋升制度', '信息沟通', '抗压', '出库', '效能', '保持', '月底', '专业', 'job', '拓展', '业务', '维护', '提成', '调整', '培训', '欣欣', '语言表达', '订单', '20w', '对账', '肯吃苦', '房源', '饭补', '链家', '聚餐', '法学专业', '免费', '上班时间', '绿色', '发货']"
239,电气技术员,"['元器件', '或者', '以上学历', '机电类', '杭州市', '岗位职责', '三年', '驾驶证', '联系电话', '要求', '审厂', '不限', '基本原理', '开关柜', '变电站', '电气设备', '制造', '危险源', '职称', '问题']"
240,招投标专员,"['中标', '标书', '投标', '复印', '以上学历', '大专', '季度', '条理性', '岗位职责', '交代', '开标', '文件', '要求', '严谨', 'word', '人品', '制作', '交五险', '信息', '年度', '编撰', '存档', '流程', '相关', '招标', '临时性', '聘用', '项目', '协调', '投递', '招投标', '档案', '报审', '公费旅游', '把关', '工程', '盖章', 'excel', '报告', '以及', '移交', '装订', '环保', '描述', '编制', '综合部', '排版']"
241,检验师,"['检验', '仪器', '临床', '试剂', '以上学历', '大专', '岗位职责', '临检', '资格证书', '医学', '标本', '专业', '检验科', '职称', '操作', '化验', '质控', '仪器设备', '规章制度', '技术规范']"
242,行政助理,"['劳动纪律', '催办', '任职', '办公室', '认真', '实习生', '考勤', '保密工作', '办公', '以上学历', '管理', '大专', '7k', '岗位职责', '翻译', '书写能力', '行政', '收发', '形象', '文件', '文秘', 'word', '仔细认真', '组织协调', '日常', '报刊杂志', '收集', '内外', '主管', '各种', '定期', '监督', '联系', '会务', '积极主动', '来访', '各类', '呈送', '按照', '通讯录', '办公用品', '外联', 'excel', '写作能力', '办公设备', '系统维护', 'office', '协助', '交办', '安排', '报刊', '公司', '各项', '人员']"
243,收银,"['小时', '任职', '认真', '日报表', '收款', '工资', '商品', '发票', '账单', '备用金', '超市', '当班', '服从', '服务员', '收银台', '岗位职责', '帐款', '操作程序', '招聘', '热情', '要求', '客人', '一家', '消费', '整理', '收银员', '简单', '电脑', '摆放', '职位', '前台', '主要', '财务制度', '顾客', '接待', '营业', '卫生', '收银', '菜单', '按规定', '介绍', '结账', '年龄', '工作', '帐单', '酒店', '保证', '酒水', '餐厅', '准确无误', '安排', '准确', '上班时间']"
244,招聘,"['发展', '初试', '以上', '类别', '人事档案', '离职', '大专', '进行', '谢谢', '谈判', '人力资源', '行政', '招聘', '有效', '渠道', '流程', '人才库', '人才', '面试', '9.00', '新人', '候选人', '四天', '劳动合同', '以及', '经验', '招聘广告', '资源管理', '人事', '7.00', '笔试', '表达能力', '承受', '所有', '公司']"
245,采购,"['供货', '到货', '执行', '供应', '质量标准', '产品', '以上学历', '大专', '物料', '塑料', '考核', '谈判', '陈经理', '临时', '做到', '岗位职责', '外协', '要求', '成本', 'word', '部门', '原材料', '信息', '评审', '总结报告', '流程', '相关', '交期', '汇总', '采购计划', '采购', '供应商', '跟踪', '电子', '交货期', '择优', '板材', '联系人', '物资', '订单', '职业道德', '询价', '标准件', '沟通', '及时']"
246,行政专员/助理,"['标书', '家人', '开车', '离职', '家长', '周末', '计算机操作', '资料', '管理', '落实工作', '统计', '资料员', '归档', '软件', '下发', '交代', '初创', '岗位职责', '整理', '实务', '高铁', '计算机', '政策法规', '出纳', '细腻', '监督', '修改', '行政事务', '餐费', '午餐', '被访', '档案', '当成', '职级', '使用', '外联', '一些', '机票', '空间', '签订合同', '及时', '公司', '自己', '接待工作', '表格', '复印', '胜任', '诚信', '五险', '办公', '琐事', '需要', '耐心', '总经理', '设备', '公益活动', '行政', '文件', '单休', '双休', '南京', '文秘', 'word', '办理', '驾照', '日常', '新闻学', '类似', '组织', '前台', '朝九晚', '事务', '接待', '事宜', '负责', '圆梦', '细致', '招聘会', '领导', '男女', '劳动合同', '俱佳', '资源管理', '人事', '优越', '协助', '内务', '管理制度', '访客', '证照', '各项', '餐补', '1.18', '接收', '以上', '校区', '一金', '保洁', '文稿', '形象', '收发', '食宿', '会议纪要', '部门', '有效', '聘用', '主要', '会议记录', '班车', '成员', '办公用品', '费用', '盖章', 'excel', '报告', '起草', '以及', '语言表达', '工作', '行政主管', '交办', '学员', '三个', '绿植', '上班时间', '规章制度', '人员', '每天', '任职', '办公室', '人力', '考勤', '运用', '法定', '节假日', '以上学历', '大专', '认同', '维系', '基本知识', '打印', '亲和力', '招聘', '要求', 'b2', '制度', '接听', '票务', '熟练', '后勤', '领用', '员工福利', '处理', '阶段性', 'office', '预定', '后勤保障', '装订', '短期', '描述', '安排']"
247,产品测试工程师,"['产品', '万用表', '标准', 'ids', '协议', '信息技术', '大纲', '测试', '开展', '电子', '原理', '测评', '电力系统', '功能测试', '测仪', '测试项目', '信息安全', '类产品', '资质', '防火墙']"
248,电力设计,"['电力', '交底', '10kv', '电力工程', '变电', '配电', '线路', '文件', '二次', 'autocad', '工程设计', '主要', '守信', '太阳宫', '电气工程', '小区', '电网', '供配电', '电气']"
249,配网设计工程师,"['打卡', '一年', 'cad', '任务', '工资', '地点', '塘厦镇', '内容', '大专', '可研', '设计', '出差', '好后', '电气工程', '预算', '配网', '6k', '编制', '测量', '业主']"
250,知识产权专员,"['定位', '挖掘', '专利', '知识产权', '资料', '带薪休假', '潜在', '专业知识', '客户资源', '陌拜', '优秀员工', '收集', '商标', '开展', '享受', '回访', '认证', '协作', '企业', '申报']"
251,计调,"['报价', '责任心', '导游', '出境', '地接', '行程', '线路', '岗位职责', '旅游', '计调', '供应商', '旅行社', '出团', '团队', '突发状况', '地接社', '专线', '操作', '安排', '沟通']"
252,工程资料员,"['立卷', '以上学历', '管理', '资料', '资料员', '归档', '管理工作', '工程部', '岗位职责', '纪要', '竣工', '设计变更', '文件', '验收', '整理', '项目部', '收集', '存档', '报验', '工程项目', '档案', '工程', '借阅', '施工', '保管', '交办', '图纸', '档案管理']"
253,设计师助理,"['结构设计', '样衣', '建模', '设计', '软件', '归档', '岗位职责', '市场', '施工图', '完成', '应届', '辅助', '一定', '效果图', '家具', '时尚', '设计师', '草图', 'ai', 'sketchup', '常用软件', '文件', '方案', '款式', 'autocad', '艺术设计', '本科', '服装', 'su', '配合', 'photoshop', 'cdr', '色彩', '协助', '景观', '设计部', '院校', '室内设计', '任务', '服装设计', '薪金', '责任心', '正规', '农田水利', '交待', '绘制', '美术', '流行', '样板', '相关', '良好', '专业', '平面设计', '交办', '辅料', '绘图', '形象设计', 'cad', '设计组', '量房', '助理', '以上学历', '大专', '大师', '面料', '要求', '房放图', '风景园林', '手绘', '面辅料', '景观设计', '园林景观', '熟练', '主创', 'office', '深化', '制图', '图纸', '绿化', '沟通', 'ps', '测量']"
254,商务助理,"['电力', '标书', '投标', '进行', '业绩', '专科', '回复', '文件', '整理', '制作', '传递', '流程', '档案', '建立', '使用', '保管', '商务', '编制', '沟通']"
255,售后技术支持,"['解决', '调试', '进行', '库存量', '产品质量', '偶尔', '一体化', '客诉', '动手', '现场', '退换货', '接线', '电气设备', '一些', '耗材', '电气', '交办', '问题', '定单', '踏踏实实']"
256,记账会计,"['从业', '财务', '任职', '发票', '代理', '岗位职责', '报税', '独立', '凭证', '金蝶', '会计', '初级职称', '一般', '做账', '财务软件', '汇算', '小规模', '税务', '处理', '用友', '纳税人', '账务', '企业', '装订', '纳税', '申报', '记账']"
257,设备工程师,"['厂商', '气动', '资格', '维修', '设备', '遵守', '竣工', '评估', '选型', '现场', '毕业', '相关', '中专', '基本', '接受', '保养', '职责', 'office', '化工行业', '技术规范']"
258,工程资料管理,"['cad', '园林', '立卷', '保密工作', '管理', '资料', '资料员', '归档', '岗位职责', '竣工', '质量保证', '施工单位', '文件', '验收', '整理', '可以', '收集', '完成', '现场', '园林绿化', '报验', '道路', '管理制度', '监督管理', '档案资料', '工程', '借阅', '施工', '领导', '接受', '预算员', '市政', '移交', '交办', '图纸', '编制', '档案管理']"
259,现场维护工程师,"['安防', '自动化', '岗位职责', '出差', '测控', '功底', 'autocad', '现场', '态度端正', '品行', '电气工程', '维护', '应用', '工程师', 'bom', '自动控制', '电子产品', '安装', '工厂']"
260,实习生储备干部,"['餐补', '轻松', '1.18', '4a', '开发新', '电话', '咖啡吧', '专属', '氛围', '单位', '饭补', 'cdr', '擅长', '书吧', '虚心学习', '有效', '突出者']"
261,人事专员,"['劳动', '劳动纪律', '升职', '优秀人才', '离职', '员工工资', '岗位职责', '上报', '年度', '实务', '档案', '简历', '人事工作', '劳动人事', '人事管理', '社保', '上级', '公司', '续签', '稽核', '表格', '执行', '人事档案', '人力资源', '大局观', '定级', '办理', '根据', '组织', '汇总', '法规', '细致', '制定', '求职者', '劳动合同', '资源管理', '人事', '协助', '提薪', '各项', '内训', '用工', '初试', '公积金', '进行', '一金', '手续', '提供数据', '相关', '员工', '应聘', '协调', '中午', '年龄', '培训', '为人正直', '丰富', '2.1', '交办', '档案管理', '说明书', '规章制度', '人员', '文化', '人力', '考勤', '以上学历', '大专', '良才', '缴纳', '招聘', '要求', '关系', '调岗', '流程', '人才', '公共关系', '面试', '体系', '入职', '核算', '安排']"
262,活动执行,"['能力', '场地', '策划', '执行', '物料', '岗位职责', '方案', '筹备', '现场', '流程', '项目', '供应商', '协调', '各类', '活动', '公关活动', '统筹', '经验', '搭建', '沟通']"
263,主办会计,"['财务', '解决', '财税', '代理', '岗位职责', '报税', '会计凭证', '凭证', '会计', '做账', '税务', '处理', '经验', '纳税人', '账务', '外账', '企业', '财务报表', '申报', '记账']"
264,投标专员,"['中标', '标书', '预审', '投标', '报名', '认真', '复印', '以上学历', '大专', '资料', '查询', '岗位职责', '打印', '开标', '文件', '收集', '根据', '政府', '制作', '流程', '相关', '主要', '招标', '针对', '一定', '招投标', '工程', '按时', 'office', '装订', '交办', '编制']"
265,机械制图,"['路线', '标准规范', '传动', '曾经', '机械制造', 'solidworks', '钟村', '机械设计', '工件', '风机', '根据', '三维图', '房补', '生日', '金图', '乘车', '工作餐', '全面', '创新', '图纸']"
266,采购员,"['解决', '做六休', '以上学历', '考虑', '进行', '机械制造', '做到', '岗位职责', '毕业生', '资源库', '理工科', '报账', '定期', '采购计划', '采购', '市场调研', '制定', '物资', '品行端正', '质量体系']"
267,全盘会计,"['excel', '税收政策', '八小时', '一名', '财务制度', '外账', 'word', '财务报表', '法定', '经营项目', '全盘', '强可', '总帐', '生日', '商业', '资格证书', '求职者', '会计']"
268,营业员,"['饮品', '店面', '商品', '陈列', '备料', '以上学历', '销售', '岗位职责', '货品', '要求', '盘点', '店内', '摆货', '售卖', '防损', '顾客', '接待', '卫生', '导购', '收银', '晚班', '保持', '店长', '补货', '理货', '服务', '清洁', '上班时间', '营业员']"
269,采购助理,"['供货', '一年', '跟进', '任务', 'erp', '到货', '货期', '责任心', '商品', '办公', '以上学历', '管理', '大专', '进行', '物料', '书面', '谈判', '供货商', '物流', '岗位职责', '送审', '上级领导', '资源库', '成本', 'word', '材料', '敏锐', '部门', '制作', '合同', '退换货', '下单', '流程', '交期', '汇总', '采购计划', '采购', '进出口', '供应商', '获得', '协调', '核价', '经理', '进度', '异常', '跟踪', '交货期', '所有', '建立', '男女', 'excel', '处理', '单据', '物资', '订单', '对账', '协助', '交办', '敏捷', '询价', '安排', '沟通', '年资', '购单', '及时', 'microsoft', '资质', '发货']"
270,行政专员,"['接待工作', '办公室', '考勤', '办公', '管理', '岗位职责', '行政', '收发', '职场', '日常', '定期', '来访', '被访', '办公用品', '劳动合同', '后勤保障', '公司', '各项', '人员']"
271,人力资源专员/助理,"['升职', '离职', '管理', '专员', '考核', '岗位职责', '月度', '实务', '操作技能', '薪酬', '关怀', '档案', '简历', '人事工作', '统筹', '劳动人事', '人事管理', '招聘广告', '社保', '及时', '公司', '续签', '执行', '人事档案', '实施', '公司员工', '人力资源', '总结', '行政', '完善', '方案', '办理', '根据', '渠道', '组织', '事宜', '雷厉风行', 'hr', '维护', '制定', '劳动合同', '资源管理', '人事', '协助', '表达能力', '各项', '试用期', '绩效考核', '底薪', '初试', '人事制度', '一金', '手续', '部门', '原则性', '相关', '主要', '员工', '应聘', '信息管理', '培训', '交办', '规章制度', '人员', '人力', '考勤', '以上学历', '大专', '招聘', '更新', '关系', '流程', '面试', '入职', '核算', '素养', '安排']"
272,行政文员,"['复印', '保密工作', '离职', '通告', '一家', 'offer', '科研院所', '各种', '传真', '政策', '有关', '操守', '信息管理', '接受', '内部人员', '品格', '装订', '科创', '规章制度', '公司']"
273,文案助理,"['营销策划', '单位', '需要', '资料', 'ms', '文件', 'word', '整理', 'ppt', '相关', '辅助', '配合', '经理', '文字', 'excel', '公众', 'office', '软文', '环保', '上传']"
274,出纳,"['转账', '日报表', '归档', '岗位职责', '支票', '网银', '票据', '会计', '出纳', '一天', '税法', '日记账', '使用', '保管', 'ppt3', '报销', '账务', '全面', '事务性', '及时', '公司', '每周', '到款', '库存现金', '印鉴', '完善', '办理', '简单', '收支', '财务制度', '帐务', '法规', '按规定', '财务软件', '销账', '接受', '余额', '对账', '内务', '证照', '财务', '宽广', '登记', '发票', '一金', '做到', '账实', '原始凭证', '开具', '履历', '日清月结', '会议记录', '从事', '费用', '市南区', '结算', '账款', '核对', '交办', '编制', '记账', '企业会计', '收据', '证书及', '办公室', '认真', '节假日', '法定', '以上学历', '付款', '大专', '谢谢', '收付', '资金', '凭证', '秘书', '明细', '银行', '处理', '现金', '税务', '核算', '用友', 'vip', '西青', '装订', '财务报表', '职业', '银行存款', '描述', '每日', '综合部']"
275,单证员,"['系统', '办公', '以上学历', '报关', '大专', '确认', '归档', '物流', '岗位职责', '出口', '货代', '文件', '报关单', '要求', '外贸', '订舱', '整理', '国际贸易', '制作', '录入', '清关', '相关', '进出口', '中专', '信用证', '商检', '提单', '退税', '单据', '海运', '订单', '操作', '单证']"
276,代账会计,"['财务', '有代账', '记帐', '代理', '岗位职责', '报税', '会计', '做账', '财务软件', '会计核算', '税务', '处理', '认真细致', 'office', '账务', '企业', '纳税', '代账', '申报', '记账']"
277,策划助理,"['定位', '综合体', '策划', '撰写', '中文', '同岗', '沟通', '思维能力', '本科', '性格', '协调', '热衷于', '市场调研', '专业', '房地产', '阶段性', '营销', '协助', '文字编辑', '承受']"
278,检测员,"['化工', '检验', '环境', '以上学历', '大专', '土木工程', '岗位职责', '检测', '人防', '操作规程', '基坑', '出具', '应届', '上岗证', '仪器设备', '保养', '报告', '岩土', '仪器', '质量体系']"
279,采样员,"['质量', '环境', '以上学历', '大专', '采集', '实验室', '交接', '岗位职责', '检测', '要求', '记录', '出差', '操作规程', '完成', '监测', '现场', '环境工程', '样品', '采样', '固废', '填写', '测试项目', '提前准备', '做好', '仪器', '环境监测']"
280,值班经理,"['餐前', '管理', '当班', '排班', '一金', '客诉', '突发事件', '订货', '日常', '前台', '店长', '处理', '班次', '酒店', '全面', '对客', '做好', '餐厅', '值班', '人员']"
281,售后服务工程师,"['gps', 'office', '电力系统', '专业本科', '月薪', '节假日', '公积金', '出差', '午餐', '适应', '以上学历', '吃苦', '维修', '万用表', '机电', '年终', '录用', '假日']"
282,收银员,"['小时', '细心', '日报表', '收款', '责任心', '发票', '备用金', '超市', '以上学历', '工龄', '当班', '服从', '一金', '收银台', '岗位职责', '形象', '食宿', '会员卡', '包间', '客人', '消费', '整理', '收银员', '宿舍', '前台', '主要', '一名', '一天', '营业', '收银', '中专', '按规定', '晚班', '适应', '结账', '四天', '意识', '经验', '工作', '帐单', '结算', '酒水', '服务', '准确', '安排', '夜班', '公司']"
283,金融实习生,"['发展', '节日', '任职', '融资', '节假日', '林和西', '提供', '岗位职责', '双休', '晋升', '旅游', '金融', '户外', '专业', '拓展', '富力', '团队', '培训', '聚餐', '公司']"
284,财务会计,"['财务收支', '财务', '会计报表', '内账', '进行', '往来账', '应付款', '会计工作', '岗位职责', '经历', '原始凭证', 'word', '审阅', '建筑工程', '催款', '农业', '团队精神', '监督', '审批', '明细帐', '合作社', '财务软件', '基础', 'excel', '税务', '保管', '往来款项', '专职', '监盘', '日记帐', '大学专科', '规划', '市政工程', '企业会计']"
285,软装设计师助理,"['cad', '设计方案', '软装', '饰品', '设计', '软件', '岗位职责', '方案', '主案', '完成', '艺术设计', 'ppt', 'photoshop', '搭配', '色彩', '协助', '配饰', '设计师', '室内设计', '摆场']"
286,审计助理,"['会计师', '办公', '以上学历', '归档', '岗位职责', '项目经理', '出差', '完成', '事务所', '会计', '审计', '底稿', '审计报告', '审计工作', '业务', '税务', '工作', '协助', '税务师', '编制']"
287,设计助理,"['样衣', 'ai', 'cad', '服装设计', '量房', '助理', '绘制', '设计', '软件', '岗位职责', '流行', '面料', '敏锐', '款式', '施工图', '收集', 'autocad', '完成', '制作', '主案', '服装', 'su', '面辅料', '配合', 'photoshop', '熟练', '订货会', '协助', '设计师', '图纸', '室内设计', '辅料', 'ps', '绘图', '草图']"
288,实习生,"['能力', '期间', '策划', '实习期', '课程', '家长', '管理', '资料', '最好', '自动化', '软件', '社工', '服务员', '毕业生', '岗位职责', '整理', '在读', '老师', '完成', '应届', '会计', '蔬菜', '面向', '房产', '积极主动', '工商', '简历', '机会', '经纪人', '有志', '酒店', '全面', '学习', '打包', '操作', '设计师', '学习成绩', '专业课程', '公司', '各个部门', '执行', '电力工程', '社会工作', '办公', '在职', '不甘', '客户', '看房', '对多肉', '完善', '南京', '日常', '主管', '本科', '农业', '大学生', '旅游', '教育', '媒体', '邀约', '电气工程', '金融', '维护', '领导', '提成', '团队', '协助', '全日制', '服务', '免费', '高校', '大四', '咨询', '底薪', '交流', '责任心', '校区', '岗位', '进行', '谈判', '调配', '销售', '提供', '物流', '同行业', '一金', '供用电', '沙龙', '学历', '一体化', '文案', '药学', '晋升', '部门', '福利待遇', '人际交往', '相关', '民宿', '主要', '在校', '签单', '运营', '氛围', '活动', '从事', '办公用品', '上下班', '专业', '房地产', '培训', '单据', '工作', '衔接', '实习', '房源', '交办', '学员', '半年', '协作关系', '任职', 'cad', '实习生', '助理', '以上学历', '内容', '大专', '亲和力', '奉献精神', '要求', '功底', '在校生', '住宿', '各个', '电力系统', '处理', '税务', 'office', '单证', '定岗', '室内设计', '沟通', '安排']"
289,行政前台,"['快递', '办公室', '登记', '考勤', '校区', '办公', '家长', '以上学历', '管理', '大专', '行政部', '良好形象', '气质佳', '一金', '灵活', '岗位职责', '亲和力', '文件', '会议纪要', '文秘', 'word', '日常', '接听', '前台', '1.6', '转接', '接待', '会议记录', '来访', '被访', '办公用品', '转达', '领用', 'excel', '接转', '办公自动化', '交办', '商务礼仪', '准确', '留言', '访客', '绿植', '及时', '公司']"
290,会计助理,"['财务', '财税', '发票', '会计专业', '以上学历', '财会', '岗位职责', '总结', '报税', '账实', '凭证', '办理', '报表', '录入', '票据', '会计', '外勤', '聘用', '帐务', '五天', '做账', '工商', '财务软件', '证明', '税务', '保管', '单据', '处理', '账务', '协助', '纳税', '申报', '记账']"
291,设计师助理室内,"['cad', '量房', '绘制', '设计', '软件', '方案', '施工图', '完成', '辅助', 'su', '配合', '熟练', '协助', '设计师', '制图', '室内设计', 'ps', '测量', '绘图', '草图']"
292,见习经理,"['小时', '每天', '见习', '麦当劳', '五险', '楼面', '以上学历', '管理', '大专', '一金', '顾客', '经理', '适应', '工作餐', '学习', '副经理', '餐厅', '值班', '储备']"
293,监理员,"['设计图', '以上学历', '大专', '进行', '岗位职责', '记录', '监理员', '现场', '工序', '检查', '工民建', '监理', '有关', '专业', '工程', '施工', '旁站', '工程师', '复核', '质量检查']"
294,实验室分析员,"['标准规范', '诚信', '环境', '以上学历', '噪声', '实验室', '专科', '化学分析', '检测', '分析', '实验', '分析仪器', '环境工程', '法规', '水质', '有机', '气相色谱仪', '操作', '仪器设备', '环境监测']"
295,证券实习生,"['期间', '提供', '岗位职责', '生日会', '国信', '客户经理', '渠道', '理财', '岗前', '证券', '开发', '金融', '分公司', '维护', '入职', '内部资料', '进取精神', '外拓', '公司']"
296,景观设计师助理,"['cad', '方案设计', '排版', '建模', '以上学历', 'lumion', '要求', '态度端正', 'su', '景观设计', '效果图', '共同完成', '参与', '精神', '大学专科', '职业道德', '设计师', '具有', '描图', '...']"
297,平面设计实习生,"['ai', '审美', 'illustrator', '实习生', '创意', '以上学历', '设计', '软件', '岗位职责', '美术', 'indesign', '制作', '手绘', '视觉', 'photoshop', '熟练', '海报', '平面设计', 'ps']"
298,实习设计师,"['cad', '量房', '3dmax', '设计', '软件', '岗位职责', '装饰', '完成', '毕业', 'su', '配合', '效果图', '专业', '基础', '学习', '谈单', '设计师', '室内设计', '沟通', '绘图']"
299,会计实习生,"['财务', '会计报表', '注册', '变更', '实习期', '实习生', '发票', '会计专业', '法定', '事项', '岗位职责', '报税', '会计凭证', '办理', '凭证', '会计', '外勤', '做账', '工商', '税务', '处理', '实习', '账务', '协助', '学习', '装订', '税局', '领购', '记账']"
300,项目实习生,"['excel', '社工', '责任感', '搜集整理', '分析', '会议纪要', 'word', '运用', '社会工作', '合作方', '公益', '信息处理', '全日制', '在读', '社团活动', '电脑', '承担', '文字']"
